,Date,Country,Cases,Deaths,Recovered,week_number,month,year
0,2009-07-06,Algeria,5,0,5,28,7,2009
1,2009-07-06,Antigua,2,0,2,28,7,2009
2,2009-07-06,Argentina,2485,60,2425,28,7,2009
3,2009-07-06,Australia,5298,10,5288,28,7,2009
4,2009-07-06,Austria,19,0,19,28,7,2009
5,2009-07-06,Bahamas,7,0,7,28,7,2009
6,2009-07-06,Bahrain,15,0,15,28,7,2009
7,2009-07-06,Bangladesh,18,0,18,28,7,2009
8,2009-07-06,Barbados,12,0,12,28,7,2009
9,2009-07-06,Belgium,54,0,54,28,7,2009
10,2009-07-06,Bermuda,1,0,1,28,7,2009
11,2009-07-06,Bolivia,416,0,416,28,7,2009
12,2009-07-06,Bosnia,1,0,1,28,7,2009
13,2009-07-06,Brazil,737,1,736,28,7,2009
14,2009-07-06,BVI,2,0,2,28,7,2009
15,2009-07-06,Brunei Darussalam,124,0,124,28,7,2009
16,2009-07-06,Bulgaria,10,0,10,28,7,2009
17,2009-07-06,Cambodia,7,0,7,28,7,2009
18,2009-07-06,Canada,7983,25,7958,28,7,2009
19,2009-07-06,Cap Verde,3,0,3,28,7,2009
20,2009-07-06,"Cayman Islands, UKOT",14,0,14,28,7,2009
21,2009-07-06,Chile,7376,14,7362,28,7,2009
22,2009-07-06,China,2040,0,2040,28,7,2009
23,2009-07-06,Colombia,118,2,116,28,7,2009
24,2009-07-06,Cook Island,1,0,1,28,7,2009
25,2009-07-06,Costa Rica,277,3,274,28,7,2009
26,2009-07-06,Cote d'Ivoire,2,0,2,28,7,2009
27,2009-07-06,Croatia,1,0,1,28,7,2009
28,2009-07-06,Cuba,85,0,85,28,7,2009
29,2009-07-06,Cyprus,109,0,109,28,7,2009
30,2009-07-06,Czech Republic,15,0,15,28,7,2009
31,2009-07-06,Denmark,66,0,66,28,7,2009
32,2009-07-06,Dominica,1,0,1,28,7,2009
33,2009-07-06,Dominican Republic,108,2,106,28,7,2009
34,2009-07-06,Ecuador,204,0,204,28,7,2009
35,2009-07-06,Egypt,78,0,78,28,7,2009
36,2009-07-06,El Salvador,319,0,319,28,7,2009
37,2009-07-06,Estonia,13,0,13,28,7,2009
38,2009-07-06,Ethiopia,3,0,3,28,7,2009
39,2009-07-06,Fiji,2,0,2,28,7,2009
40,2009-07-06,Finland,47,0,47,28,7,2009
41,2009-07-06,France,332,0,332,28,7,2009
42,2009-07-06,Germany,505,0,505,28,7,2009
43,2009-07-06,Greece,151,0,151,28,7,2009
44,2009-07-06,Guatemala ,286,2,284,28,7,2009
45,2009-07-06,Guyana,2,0,2,28,7,2009
46,2009-07-06,Honduras,123,1,122,28,7,2009
47,2009-07-06,Hungary,11,0,11,28,7,2009
48,2009-07-06,Iceland,4,0,4,28,7,2009
49,2009-07-06,India,129,0,129,28,7,2009
50,2009-07-06,Indonesia,20,0,20,28,7,2009
51,2009-07-06,Iran,1,0,1,28,7,2009
52,2009-07-06,Iraq,12,0,12,28,7,2009
53,2009-07-06,Ireland,74,0,74,28,7,2009
54,2009-07-06,Israel,681,0,681,28,7,2009
55,2009-07-06,Italy,146,0,146,28,7,2009
56,2009-07-06,Jamaica,32,0,32,28,7,2009
57,2009-07-06,Japan,1790,0,1790,28,7,2009
58,2009-07-06,Jordan,23,0,23,28,7,2009
59,2009-07-06,Kenya,15,0,15,28,7,2009
60,2009-07-06,Korea,202,0,202,28,7,2009
61,2009-07-06,Kuwait,35,0,35,28,7,2009
62,2009-07-06,Laos,5,0,5,28,7,2009
63,2009-07-06,Latvia,1,0,1,28,7,2009
64,2009-07-06,Lebanon,49,0,49,28,7,2009
65,2009-07-06,Libya,1,0,1,28,7,2009
66,2009-07-06,Lithuania,3,0,3,28,7,2009
67,2009-07-06,Luxembourg,6,0,6,28,7,2009
68,2009-07-06,Malaysia,112,0,112,28,7,2009
69,2009-07-06,Malta,24,0,24,28,7,2009
70,2009-07-06,Mauritius,1,0,1,28,7,2009
71,2009-07-06,Mexico,10262,119,10143,28,7,2009
72,2009-07-06,Montenegro,10,0,10,28,7,2009
73,2009-07-06,Morocco,17,0,17,28,7,2009
74,2009-07-06,Myanmar,1,0,1,28,7,2009
75,2009-07-06,Nepal,5,0,5,28,7,2009
76,2009-07-06,Netherlands,155,0,155,28,7,2009
77,2009-07-06,New Zealand,1059,3,1056,28,7,2009
78,2009-07-06,Nicaragua,321,0,321,28,7,2009
79,2009-07-06,Norway,41,0,41,28,7,2009
80,2009-07-06,Oman,4,0,4,28,7,2009
81,2009-07-06,Palau,1,0,1,28,7,2009
82,2009-07-06,Panama,417,0,417,28,7,2009
83,2009-07-06,Papua New Guinea,1,0,1,28,7,2009
84,2009-07-06,Paraguay,106,1,105,28,7,2009
85,2009-07-06,Peru,916,0,916,28,7,2009
86,2009-07-06,Philippines,1709,1,1708,28,7,2009
87,2009-07-06,Poland,25,0,25,28,7,2009
88,2009-07-06,Portugal,42,0,42,28,7,2009
89,2009-07-06,Qatar,23,0,23,28,7,2009
90,2009-07-06,Romania,41,0,41,28,7,2009
91,2009-07-06,Russia,3,0,3,28,7,2009
92,2009-07-06,Saint Lucia,1,0,1,28,7,2009
93,2009-07-06,Samoa,1,0,1,28,7,2009
94,2009-07-06,Saudi Arabia,114,0,114,28,7,2009
95,2009-07-06,Serbia,15,0,15,28,7,2009
96,2009-07-06,Singapore,1055,0,1055,28,7,2009
97,2009-07-06,Slovakia,18,0,18,28,7,2009
98,2009-07-06,Slovenia,14,0,14,28,7,2009
99,2009-07-06,South Africa,18,0,18,28,7,2009
100,2009-07-06,Spain,776,1,775,28,7,2009
101,2009-07-06,Sri Lanka,19,0,19,28,7,2009
102,2009-07-06,Suriname,11,0,11,28,7,2009
103,2009-07-06,Sweden,84,0,84,28,7,2009
104,2009-07-06,Switzerland,76,0,76,28,7,2009
105,2009-07-06,Syria,1,0,1,28,7,2009
106,2009-07-06,Thailand,2076,7,2069,28,7,2009
107,2009-07-06,Yugoslav,2,0,2,28,7,2009
108,2009-07-06,Trinidad and Tobago,65,0,65,28,7,2009
109,2009-07-06,Tunisia,5,0,5,28,7,2009
110,2009-07-06,Turkey,40,0,40,28,7,2009
111,2009-07-06,Uganda,1,0,1,28,7,2009
112,2009-07-06,Ukraine,1,0,1,28,7,2009
113,2009-07-06,United Arab Emirates,8,0,8,28,7,2009
114,2009-07-06,United Kingdom,7464,3,7461,28,7,2009
115,2009-07-06,USA,33921,170,33751,28,7,2009
116,2009-07-06,Uruguay,195,4,191,28,7,2009
117,2009-07-06,Vanuatu,2,0,2,28,7,2009
118,2009-07-06,Venezuela,206,0,206,28,7,2009
119,2009-07-06,Viet Nam,181,0,181,28,7,2009
120,2009-07-06,West Bank,60,0,60,28,7,2009
121,2009-07-06,Yemen,8,0,8,28,7,2009
122,2009-07-03,Algeria,5,0,5,27,7,2009
123,2009-07-03,Antigua,2,0,2,27,7,2009
124,2009-07-03,Argentina,1587,26,1561,27,7,2009
125,2009-07-03,Australia,4568,9,4559,27,7,2009
126,2009-07-03,Austria,15,0,15,27,7,2009
127,2009-07-03,Bahamas,6,0,6,27,7,2009
128,2009-07-03,Bahrain,15,0,15,27,7,2009
129,2009-07-03,Bangladesh,12,0,12,27,7,2009
130,2009-07-03,Barbados,12,0,12,27,7,2009
131,2009-07-03,Belgium,49,0,49,27,7,2009
132,2009-07-03,Bermuda,1,0,1,27,7,2009
133,2009-07-03,Bolivia,283,0,283,27,7,2009
134,2009-07-03,Bosnia,1,0,1,27,7,2009
135,2009-07-03,Brazil,737,1,736,27,7,2009
136,2009-07-03,BVI,2,0,2,27,7,2009
137,2009-07-03,Brunei Darussalam,85,0,85,27,7,2009
138,2009-07-03,Bulgaria,10,0,10,27,7,2009
139,2009-07-03,Cambodia,7,0,7,27,7,2009
140,2009-07-03,Canada,7983,25,7958,27,7,2009
141,2009-07-03,Cap Verde,3,0,3,27,7,2009
142,2009-07-03,"Cayman Islands, UKOT",14,0,14,27,7,2009
143,2009-07-03,Chile,7376,14,7362,27,7,2009
144,2009-07-03,China,1814,0,1814,27,7,2009
145,2009-07-03,Colombia,101,2,99,27,7,2009
146,2009-07-03,Costa Rica*,227,2,225,27,7,2009
147,2009-07-03,Cote d'Ivoire,2,0,2,27,7,2009
148,2009-07-03,Cuba,73,0,73,27,7,2009
149,2009-07-03,Cyprus,70,0,70,27,7,2009
150,2009-07-03,Czech Republic,15,0,15,27,7,2009
151,2009-07-03,Denmark,63,0,63,27,7,2009
152,2009-07-03,Dominica,1,0,1,27,7,2009
153,2009-07-03,Dominican Republic,108,2,106,27,7,2009
154,2009-07-03,Ecuador,163,0,163,27,7,2009
155,2009-07-03,Egypt,67,0,67,27,7,2009
156,2009-07-03,El Salvador,253,0,253,27,7,2009
157,2009-07-03,Estonia,13,0,13,27,7,2009
158,2009-07-03,Ethiopia,3,0,3,27,7,2009
159,2009-07-03,Fiji,2,0,2,27,7,2009
160,2009-07-03,Finland,43,0,43,27,7,2009
161,2009-07-03,France,310,0,310,27,7,2009
162,2009-07-03,Germany,470,0,470,27,7,2009
163,2009-07-03,Greece,109,0,109,27,7,2009
164,2009-07-03,Guatemala ,254,2,252,27,7,2009
165,2009-07-03,Honduras,123,1,122,27,7,2009
166,2009-07-03,Hungary,11,0,11,27,7,2009
167,2009-07-03,Iceland,4,0,4,27,7,2009
168,2009-07-03,India,104,0,104,27,7,2009
169,2009-07-03,Indonesia,8,0,8,27,7,2009
170,2009-07-03,Iran,1,0,1,27,7,2009
171,2009-07-03,Iraq,11,0,11,27,7,2009
172,2009-07-03,Ireland,51,0,51,27,7,2009
173,2009-07-03,Israel,577,0,577,27,7,2009
174,2009-07-03,Italy,130,0,130,27,7,2009
175,2009-07-03,Jamaica,32,0,32,27,7,2009
176,2009-07-03,Japan,1446,0,1446,27,7,2009
177,2009-07-03,Jordan,22,0,22,27,7,2009
178,2009-07-03,Kenya,12,0,12,27,7,2009
179,2009-07-03,Korea,202,0,202,27,7,2009
180,2009-07-03,Kuwait,35,0,35,27,7,2009
181,2009-07-03,Laos,3,0,3,27,7,2009
182,2009-07-03,Latvia,1,0,1,27,7,2009
183,2009-07-03,Lebanon,47,0,47,27,7,2009
184,2009-07-03,Lithuania,3,0,3,27,7,2009
185,2009-07-03,Luxembourg,4,0,4,27,7,2009
186,2009-07-03,Malaysia,112,0,112,27,7,2009
187,2009-07-03,Malta,2,0,2,27,7,2009
188,2009-07-03,Mauritius,1,0,1,27,7,2009
189,2009-07-03,Mexico,10262,119,10143,27,7,2009
190,2009-07-03,Montenegro,9,0,9,27,7,2009
191,2009-07-03,Morocco,17,0,17,27,7,2009
192,2009-07-03,Myanmar,1,0,1,27,7,2009
193,2009-07-03,Nepal,5,0,5,27,7,2009
194,2009-07-03,Netherlands,154,0,154,27,7,2009
195,2009-07-03,New Zealand,912,0,912,27,7,2009
196,2009-07-03,Nicaragua,308,0,308,27,7,2009
197,2009-07-03,Norway,41,0,41,27,7,2009
198,2009-07-03,Oman,3,0,3,27,7,2009
199,2009-07-03,Palau,1,0,1,27,7,2009
200,2009-07-03,Panama,417,0,417,27,7,2009
201,2009-07-03,Papua New Guinea,1,0,1,27,7,2009
202,2009-07-03,Paraguay,103,0,103,27,7,2009
203,2009-07-03,Peru,538,0,538,27,7,2009
204,2009-07-03,Philippines,1709,1,1708,27,7,2009
205,2009-07-03,Poland,19,0,19,27,7,2009
206,2009-07-03,Portugal,27,0,27,27,7,2009
207,2009-07-03,Qatar,10,0,10,27,7,2009
208,2009-07-03,Romania,36,0,36,27,7,2009
209,2009-07-03,Russia,3,0,3,27,7,2009
210,2009-07-03,Saint Lucia,1,0,1,27,7,2009
211,2009-07-03,Samoa,1,0,1,27,7,2009
212,2009-07-03,Saudi Arabia,89,0,89,27,7,2009
213,2009-07-03,Serbia,15,0,15,27,7,2009
214,2009-07-03,Singapore,878,0,878,27,7,2009
215,2009-07-03,Slovakia,18,0,18,27,7,2009
216,2009-07-03,Slovenia,5,0,5,27,7,2009
217,2009-07-03,South Africa,12,0,12,27,7,2009
218,2009-07-03,Spain,760,1,759,27,7,2009
219,2009-07-03,Sri Lanka,17,0,17,27,7,2009
220,2009-07-03,Suriname,11,0,11,27,7,2009
221,2009-07-03,Sweden,74,0,74,27,7,2009
222,2009-07-03,Switzerland,72,0,72,27,7,2009
223,2009-07-03,Thailand,1414,3,1411,27,7,2009
224,2009-07-03,Trinidad and Tobago,53,0,53,27,7,2009
225,2009-07-03,Tunisia,3,0,3,27,7,2009
226,2009-07-03,Turkey,40,0,40,27,7,2009
227,2009-07-03,Uganda,1,0,1,27,7,2009
228,2009-07-03,Ukraine,1,0,1,27,7,2009
229,2009-07-03,United Arab Emirates,8,0,8,27,7,2009
230,2009-07-03,United Kingdom,7464,3,7461,27,7,2009
231,2009-07-03,USA,33902,170,33732,27,7,2009
232,2009-07-03,Uruguay,195,1,194,27,7,2009
233,2009-07-03,Vanuatu,2,0,2,27,7,2009
234,2009-07-03,Venezuela,204,0,204,27,7,2009
235,2009-07-03,Viet Nam,131,0,131,27,7,2009
236,2009-07-03,West Bank,30,0,30,27,7,2009
237,2009-07-03,Yemen,7,0,7,27,7,2009
238,2009-07-01,Algeria,2,0,2,27,7,2009
239,2009-07-01,Antigua,2,0,2,27,7,2009
240,2009-07-01,Argentina,1587,26,1561,27,7,2009
241,2009-07-01,Australia,4090,7,4083,27,7,2009
242,2009-07-01,Austria,15,0,15,27,7,2009
243,2009-07-01,Bahamas,6,0,6,27,7,2009
244,2009-07-01,Bahrain,15,0,15,27,7,2009
245,2009-07-01,Bangladesh,1,0,1,27,7,2009
246,2009-07-01,Barbados,10,0,10,27,7,2009
247,2009-07-01,Belgium,47,0,47,27,7,2009
248,2009-07-01,Bermuda,1,0,1,27,7,2009
249,2009-07-01,Bolivia,205,0,205,27,7,2009
250,2009-07-01,Brazil,680,1,679,27,7,2009
251,2009-07-01,BVI,1,0,1,27,7,2009
252,2009-07-01,Brunei Darussalam,29,0,29,27,7,2009
253,2009-07-01,Bulgaria,10,0,10,27,7,2009
254,2009-07-01,Cambodia,6,0,6,27,7,2009
255,2009-07-01,Canada,7983,25,7958,27,7,2009
256,2009-07-01,Cap Verde,3,0,3,27,7,2009
257,2009-07-01,"Cayman Islands, UKOT",13,0,13,27,7,2009
258,2009-07-01,Chile,6211,12,6199,27,7,2009
259,2009-07-01,China,1518,0,1518,27,7,2009
260,2009-07-01,Colombia,93,2,91,27,7,2009
261,2009-07-01,Costa Rica,279,2,277,27,7,2009
262,2009-07-01,Cote d'Ivoire,2,0,2,27,7,2009
263,2009-07-01,Cuba,46,0,46,27,7,2009
264,2009-07-01,Cyprus,48,0,48,27,7,2009
265,2009-07-01,Czech Republic,9,0,9,27,7,2009
266,2009-07-01,Denmark,55,0,55,27,7,2009
267,2009-07-01,Dominica,1,0,1,27,7,2009
268,2009-07-01,Dominican Republic,108,2,106,27,7,2009
269,2009-07-01,Ecuador,163,0,163,27,7,2009
270,2009-07-01,Egypt,67,0,67,27,7,2009
271,2009-07-01,El Salvador,226,0,226,27,7,2009
272,2009-07-01,Estonia,13,0,13,27,7,2009
273,2009-07-01,Ethiopia,2,0,2,27,7,2009
274,2009-07-01,Fiji,2,0,2,27,7,2009
275,2009-07-01,Finland,26,0,26,27,7,2009
276,2009-07-01,France,287,0,287,27,7,2009
277,2009-07-01,Germany,417,0,417,27,7,2009
278,2009-07-01,Greece,92,0,92,27,7,2009
279,2009-07-01,Guatemala ,254,2,252,27,7,2009
280,2009-07-01,Honduras,118,1,117,27,7,2009
281,2009-07-01,Hungary,10,0,10,27,7,2009
282,2009-07-01,Iceland,4,0,4,27,7,2009
283,2009-07-01,India,104,0,104,27,7,2009
284,2009-07-01,Indonesia,8,0,8,27,7,2009
285,2009-07-01,Iran,1,0,1,27,7,2009
286,2009-07-01,Iraq,11,0,11,27,7,2009
287,2009-07-01,Ireland,41,0,41,27,7,2009
288,2009-07-01,Israel,506,0,506,27,7,2009
289,2009-07-01,Italy,123,0,123,27,7,2009
290,2009-07-01,Jamaica,32,0,32,27,7,2009
291,2009-07-01,Japan,1266,0,1266,27,7,2009
292,2009-07-01,Jordan,20,0,20,27,7,2009
293,2009-07-01,Kenya,1,0,1,27,7,2009
294,2009-07-01,Korea,202,0,202,27,7,2009
295,2009-07-01,Kuwait,34,0,34,27,7,2009
296,2009-07-01,Laos,3,0,3,27,7,2009
297,2009-07-01,Latvia,1,0,1,27,7,2009
298,2009-07-01,Lebanon,39,0,39,27,7,2009
299,2009-07-01,Lithuania,1,0,1,27,7,2009
300,2009-07-01,Luxembourg,4,0,4,27,7,2009
301,2009-07-01,Malaysia,112,0,112,27,7,2009
302,2009-07-01,Mauritius,7,0,7,27,7,2009
303,2009-07-01,Mexico,8680,116,8564,27,7,2009
304,2009-07-01,Montenegro,4,0,4,27,7,2009
305,2009-07-01,Morocco,17,0,17,27,7,2009
306,2009-07-01,Myanmar,1,0,1,27,7,2009
307,2009-07-01,Nepal,3,0,3,27,7,2009
308,2009-07-01,Netherlands,142,0,142,27,7,2009
309,2009-07-01,New Zealand,711,0,711,27,7,2009
310,2009-07-01,Nicaragua,293,0,293,27,7,2009
311,2009-07-01,Norway,32,0,32,27,7,2009
312,2009-07-01,Oman,3,0,3,27,7,2009
313,2009-07-01,Panama,417,0,417,27,7,2009
314,2009-07-01,Papua New Guinea,1,0,1,27,7,2009
315,2009-07-01,Paraguay,96,0,96,27,7,2009
316,2009-07-01,Peru,538,0,538,27,7,2009
317,2009-07-01,Philippines,861,1,860,27,7,2009
318,2009-07-01,Poland,15,0,15,27,7,2009
319,2009-07-01,Portugal,17,0,17,27,7,2009
320,2009-07-01,Qatar,10,0,10,27,7,2009
321,2009-07-01,Romania,28,0,28,27,7,2009
322,2009-07-01,Russia,3,0,3,27,7,2009
323,2009-07-01,Saint Lucia,1,0,1,27,7,2009
324,2009-07-01,Samoa,1,0,1,27,7,2009
325,2009-07-01,Saudi Arabia,81,0,81,27,7,2009
326,2009-07-01,Serbia,12,0,12,27,7,2009
327,2009-07-01,Singapore,701,0,701,27,7,2009
328,2009-07-01,Slovakia,13,0,13,27,7,2009
329,2009-07-01,Slovenia,4,0,4,27,7,2009
330,2009-07-01,South Africa,1,0,1,27,7,2009
331,2009-07-01,Spain,717,1,716,27,7,2009
332,2009-07-01,Sri Lanka,15,0,15,27,7,2009
333,2009-07-01,Suriname,11,0,11,27,7,2009
334,2009-07-01,Sweden,69,0,69,27,7,2009
335,2009-07-01,Switzerland,56,0,56,27,7,2009
336,2009-07-01,Thailand,1414,3,1411,27,7,2009
337,2009-07-01,Trinidad and Tobago,53,0,53,27,7,2009
338,2009-07-01,Tunisia,3,0,3,27,7,2009
339,2009-07-01,Turkey,32,0,32,27,7,2009
340,2009-07-01,Ukraine,1,0,1,27,7,2009
341,2009-07-01,United Arab Emirates,8,0,8,27,7,2009
342,2009-07-01,United Kingdom,6552,3,6549,27,7,2009
343,2009-07-01,USA,27717,127,27590,27,7,2009
344,2009-07-01,Uruguay,195,1,194,27,7,2009
345,2009-07-01,Vanuatu,2,0,2,27,7,2009
346,2009-07-01,Venezuela,193,0,193,27,7,2009
347,2009-07-01,Viet Nam,123,0,123,27,7,2009
348,2009-07-01,West Bank,13,0,13,27,7,2009
349,2009-07-01,Yemen,7,0,7,27,7,2009
350,2009-06-29,Algeria,2,0,2,27,6,2009
351,2009-06-29,Antigua,2,0,2,27,6,2009
352,2009-06-29,Argentina,1488,23,1465,27,6,2009
353,2009-06-29,Australia,4038,7,4031,27,6,2009
354,2009-06-29,Austria,12,0,12,27,6,2009
355,2009-06-29,Bahamas,4,0,4,27,6,2009
356,2009-06-29,Bahrain,15,0,15,27,6,2009
357,2009-06-29,Bangladesh,1,0,1,27,6,2009
358,2009-06-29,Barbados,10,0,10,27,6,2009
359,2009-06-29,Belgium,43,0,43,27,6,2009
360,2009-06-29,Bermuda,1,0,1,27,6,2009
361,2009-06-29,Bolivia,126,0,126,27,6,2009
362,2009-06-29,Brazil,452,0,452,27,6,2009
363,2009-06-29,BVI,1,0,1,27,6,2009
364,2009-06-29,Brunei Darussalam,29,0,29,27,6,2009
365,2009-06-29,Bulgaria,7,0,7,27,6,2009
366,2009-06-29,Cambodia,6,0,6,27,6,2009
367,2009-06-29,Canada,7775,21,7754,27,6,2009
368,2009-06-29,Cap Verde,3,0,3,27,6,2009
369,2009-06-29,"Cayman Islands, UKOT",9,0,9,27,6,2009
370,2009-06-29,Chile,5186,7,5179,27,6,2009
371,2009-06-29,China,1442,0,1442,27,6,2009
372,2009-06-29,Colombia,88,2,86,27,6,2009
373,2009-06-29,Costa Rica,255,1,254,27,6,2009
374,2009-06-29,Cote d'Ivoire,2,0,2,27,6,2009
375,2009-06-29,Cuba,34,0,34,27,6,2009
376,2009-06-29,Cyprus,25,0,25,27,6,2009
377,2009-06-29,Czech Republic,9,0,9,27,6,2009
378,2009-06-29,Denmark,44,0,44,27,6,2009
379,2009-06-29,Dominica,1,0,1,27,6,2009
380,2009-06-29,Dominican Republic,108,2,106,27,6,2009
381,2009-06-29,Ecuador,125,0,125,27,6,2009
382,2009-06-29,Egypt,50,0,50,27,6,2009
383,2009-06-29,El Salvador,226,0,226,27,6,2009
384,2009-06-29,Estonia,13,0,13,27,6,2009
385,2009-06-29,Ethiopia,2,0,2,27,6,2009
386,2009-06-29,Fiji,2,0,2,27,6,2009
387,2009-06-29,Finland,26,0,26,27,6,2009
388,2009-06-29,France,240,0,240,27,6,2009
389,2009-06-29,Germany,366,0,366,27,6,2009
390,2009-06-29,Greece,86,0,86,27,6,2009
391,2009-06-29,Guatemala ,254,2,252,27,6,2009
392,2009-06-29,Honduras,118,1,117,27,6,2009
393,2009-06-29,Hungary,8,0,8,27,6,2009
394,2009-06-29,Iceland,4,0,4,27,6,2009
395,2009-06-29,India,64,0,64,27,6,2009
396,2009-06-29,Indonesia,8,0,8,27,6,2009
397,2009-06-29,Iran,1,0,1,27,6,2009
398,2009-06-29,Iraq,10,0,10,27,6,2009
399,2009-06-29,Ireland,39,0,39,27,6,2009
400,2009-06-29,Israel,469,0,469,27,6,2009
401,2009-06-29,Italy,112,0,112,27,6,2009
402,2009-06-29,Jamaica,21,0,21,27,6,2009
403,2009-06-29,Japan,1212,0,1212,27,6,2009
404,2009-06-29,Jordan,18,0,18,27,6,2009
405,2009-06-29,Korea,202,0,202,27,6,2009
406,2009-06-29,Kuwait,30,0,30,27,6,2009
407,2009-06-29,Laos,3,0,3,27,6,2009
408,2009-06-29,Latvia,1,0,1,27,6,2009
409,2009-06-29,Lebanon,25,0,25,27,6,2009
410,2009-06-29,Lithuania,1,0,1,27,6,2009
411,2009-06-29,Luxembourg,4,0,4,27,6,2009
412,2009-06-29,Malaysia,112,0,112,27,6,2009
413,2009-06-29,Mexico,8279,116,8163,27,6,2009
414,2009-06-29,Monaco,1,0,1,27,6,2009
415,2009-06-29,Montenegro,1,0,1,27,6,2009
416,2009-06-29,Morocco,11,0,11,27,6,2009
417,2009-06-29,Nepal,3,0,3,27,6,2009
418,2009-06-29,Netherlands,122,0,122,27,6,2009
419,2009-06-29,New Zealand,587,0,587,27,6,2009
420,2009-06-29,Nicaragua,277,0,277,27,6,2009
421,2009-06-29,Norway,31,0,31,27,6,2009
422,2009-06-29,Oman,3,0,3,27,6,2009
423,2009-06-29,Panama,403,0,403,27,6,2009
424,2009-06-29,Papua New Guinea,1,0,1,27,6,2009
425,2009-06-29,Paraguay,85,0,85,27,6,2009
426,2009-06-29,Peru,360,0,360,27,6,2009
427,2009-06-29,Philippines,861,1,860,27,6,2009
428,2009-06-29,Poland,14,0,14,27,6,2009
429,2009-06-29,Portugal,11,0,11,27,6,2009
430,2009-06-29,Qatar,10,0,10,27,6,2009
431,2009-06-29,Romania,24,0,24,27,6,2009
432,2009-06-29,Russia,3,0,3,27,6,2009
433,2009-06-29,Samoa,1,0,1,27,6,2009
434,2009-06-29,Saudi Arabia,69,0,69,27,6,2009
435,2009-06-29,Serbia,5,0,5,27,6,2009
436,2009-06-29,Singapore,599,0,599,27,6,2009
437,2009-06-29,Slovakia,9,0,9,27,6,2009
438,2009-06-29,Slovenia,4,0,4,27,6,2009
439,2009-06-29,South Africa,1,0,1,27,6,2009
440,2009-06-29,Spain,541,0,541,27,6,2009
441,2009-06-29,Sri Lanka,9,0,9,27,6,2009
442,2009-06-29,Suriname,11,0,11,27,6,2009
443,2009-06-29,Sweden,67,0,67,27,6,2009
444,2009-06-29,Switzerland,49,0,49,27,6,2009
445,2009-06-29,Thailand,774,0,774,27,6,2009
446,2009-06-29,Trinidad and Tobago,53,0,53,27,6,2009
447,2009-06-29,Tunisia,2,0,2,27,6,2009
448,2009-06-29,Turkey,27,0,27,27,6,2009
449,2009-06-29,Ukraine,1,0,1,27,6,2009
450,2009-06-29,United Arab Emirates,8,0,8,27,6,2009
451,2009-06-29,United Kingdom,4260,1,4259,27,6,2009
452,2009-06-29,USA,27717,127,27590,27,6,2009
453,2009-06-29,Uruguay,195,0,195,27,6,2009
454,2009-06-29,Vanuatu,2,0,2,27,6,2009
455,2009-06-29,Venezuela,172,0,172,27,6,2009
456,2009-06-29,Viet Nam,84,0,84,27,6,2009
457,2009-06-29,West Bank,9,0,9,27,6,2009
458,2009-06-29,Yemen,6,0,6,27,6,2009
459,2009-06-26,Algeria,2,0,2,26,6,2009
460,2009-06-26,Antigua,2,0,2,26,6,2009
461,2009-06-26,Argentina,1391,21,1370,26,6,2009
462,2009-06-26,Australia,3280,3,3277,26,6,2009
463,2009-06-26,Austria,12,0,12,26,6,2009
464,2009-06-26,Bahamas,4,0,4,26,6,2009
465,2009-06-26,Bahrain,15,0,15,26,6,2009
466,2009-06-26,Bangladesh,1,0,1,26,6,2009
467,2009-06-26,Barbados,10,0,10,26,6,2009
468,2009-06-26,Belgium,36,0,36,26,6,2009
469,2009-06-26,Bermuda,1,0,1,26,6,2009
470,2009-06-26,Bolivia,47,0,47,26,6,2009
471,2009-06-26,Brazil,399,0,399,26,6,2009
472,2009-06-26,BVI,1,0,1,26,6,2009
473,2009-06-26,Brunei Darussalam,11,0,11,26,6,2009
474,2009-06-26,Bulgaria,7,0,7,26,6,2009
475,2009-06-26,Cambodia,5,0,5,26,6,2009
476,2009-06-26,Canada,6732,19,6713,26,6,2009
477,2009-06-26,Cap Verde,3,0,3,26,6,2009
478,2009-06-26,"Cayman Islands, UKOT",9,0,9,26,6,2009
479,2009-06-26,Chile,5186,7,5179,26,6,2009
480,2009-06-26,China,1089,0,1089,26,6,2009
481,2009-06-26,Colombia,72,2,70,26,6,2009
482,2009-06-26,Costa Rica,222,1,221,26,6,2009
483,2009-06-26,Cote d'Ivoire,2,0,2,26,6,2009
484,2009-06-26,Cuba,34,0,34,26,6,2009
485,2009-06-26,Cyprus,9,0,9,26,6,2009
486,2009-06-26,Czech Republic,9,0,9,26,6,2009
487,2009-06-26,Denmark,41,0,41,26,6,2009
488,2009-06-26,Dominica,1,0,1,26,6,2009
489,2009-06-26,Dominican Republic,108,2,106,26,6,2009
490,2009-06-26,Ecuador,125,0,125,26,6,2009
491,2009-06-26,Egypt,43,0,43,26,6,2009
492,2009-06-26,El Salvador,160,0,160,26,6,2009
493,2009-06-26,Estonia,8,0,8,26,6,2009
494,2009-06-26,Ethiopia,2,0,2,26,6,2009
495,2009-06-26,Fiji,2,0,2,26,6,2009
496,2009-06-26,Finland,26,0,26,26,6,2009
497,2009-06-26,France,194,0,194,26,6,2009
498,2009-06-26,Germany,333,0,333,26,6,2009
499,2009-06-26,Greece,73,0,73,26,6,2009
500,2009-06-26,Guatemala ,254,2,252,26,6,2009
501,2009-06-26,Honduras,118,1,117,26,6,2009
502,2009-06-26,Hungary,8,0,8,26,6,2009
503,2009-06-26,Iceland,4,0,4,26,6,2009
504,2009-06-26,India,64,0,64,26,6,2009
505,2009-06-26,Indonesia,2,0,2,26,6,2009
506,2009-06-26,Iran,1,0,1,26,6,2009
507,2009-06-26,Ireland,29,0,29,26,6,2009
508,2009-06-26,Israel,405,0,405,26,6,2009
509,2009-06-26,Italy,102,0,102,26,6,2009
510,2009-06-26,Jamaica,19,0,19,26,6,2009
511,2009-06-26,Japan,1049,0,1049,26,6,2009
512,2009-06-26,Jordan,15,0,15,26,6,2009
513,2009-06-26,Korea,142,0,142,26,6,2009
514,2009-06-26,Kuwait,30,0,30,26,6,2009
515,2009-06-26,Laos,3,0,3,26,6,2009
516,2009-06-26,Latvia,1,0,1,26,6,2009
517,2009-06-26,Lebanon,25,0,25,26,6,2009
518,2009-06-26,Luxembourg,3,0,3,26,6,2009
519,2009-06-26,Malaysia,68,0,68,26,6,2009
520,2009-06-26,Mexico,8279,116,8163,26,6,2009
521,2009-06-26,Montenegro,1,0,1,26,6,2009
522,2009-06-26,Morocco,11,0,11,26,6,2009
523,2009-06-26,Netherlands,120,0,120,26,6,2009
524,2009-06-26,New Zealand,453,0,453,26,6,2009
525,2009-06-26,Nicaragua,265,0,265,26,6,2009
526,2009-06-26,Norway,22,0,22,26,6,2009
527,2009-06-26,Oman,3,0,3,26,6,2009
528,2009-06-26,Panama,358,0,358,26,6,2009
529,2009-06-26,Papua New Guinea,1,0,1,26,6,2009
530,2009-06-26,Paraguay,79,0,79,26,6,2009
531,2009-06-26,Peru,252,0,252,26,6,2009
532,2009-06-26,Philippines,445,1,444,26,6,2009
533,2009-06-26,Poland,13,0,13,26,6,2009
534,2009-06-26,Portugal,7,0,7,26,6,2009
535,2009-06-26,Qatar,10,0,10,26,6,2009
536,2009-06-26,Romania,19,0,19,26,6,2009
537,2009-06-26,Russia,3,0,3,26,6,2009
538,2009-06-26,Samoa,1,0,1,26,6,2009
539,2009-06-26,Saudi Arabia,48,0,48,26,6,2009
540,2009-06-26,Serbia,2,0,2,26,6,2009
541,2009-06-26,Singapore,315,0,315,26,6,2009
542,2009-06-26,Slovakia,7,0,7,26,6,2009
543,2009-06-26,Slovenia,3,0,3,26,6,2009
544,2009-06-26,South Africa,1,0,1,26,6,2009
545,2009-06-26,Spain,541,0,541,26,6,2009
546,2009-06-26,Sri Lanka,7,0,7,26,6,2009
547,2009-06-26,Suriname,11,0,11,26,6,2009
548,2009-06-26,Sweden,61,0,61,26,6,2009
549,2009-06-26,Switzerland,47,0,47,26,6,2009
550,2009-06-26,Thailand,774,0,774,26,6,2009
551,2009-06-26,Trinidad and Tobago,25,0,25,26,6,2009
552,2009-06-26,Tunisia,2,0,2,26,6,2009
553,2009-06-26,Turkey,26,0,26,26,6,2009
554,2009-06-26,Ukraine,1,0,1,26,6,2009
555,2009-06-26,United Arab Emirates,7,0,7,26,6,2009
556,2009-06-26,United Kingdom,3607,1,3606,26,6,2009
557,2009-06-26,USA,21449,87,21362,26,6,2009
558,2009-06-26,Uruguay,195,0,195,26,6,2009
559,2009-06-26,Vanuatu,2,0,2,26,6,2009
560,2009-06-26,Venezuela,153,0,153,26,6,2009
561,2009-06-26,Viet Nam,63,0,63,26,6,2009
562,2009-06-26,West Bank,9,0,9,26,6,2009
563,2009-06-26,Yemen,6,0,6,26,6,2009
564,2009-06-24,Algeria,2,0,2,26,6,2009
565,2009-06-24,Antigua,2,0,2,26,6,2009
566,2009-06-24,Argentina,1213,7,1206,26,6,2009
567,2009-06-24,Australia,2857,2,2855,26,6,2009
568,2009-06-24,Austria,12,0,12,26,6,2009
569,2009-06-24,Bahamas,4,0,4,26,6,2009
570,2009-06-24,Bahrain,15,0,15,26,6,2009
571,2009-06-24,Bangladesh,1,0,1,26,6,2009
572,2009-06-24,Barbados,5,0,5,26,6,2009
573,2009-06-24,Belgium,30,0,30,26,6,2009
574,2009-06-24,Bermuda,1,0,1,26,6,2009
575,2009-06-24,Bolivia,44,0,44,26,6,2009
576,2009-06-24,Brazil,334,0,334,26,6,2009
577,2009-06-24,BVI,1,0,1,26,6,2009
578,2009-06-24,Brunei Darussalam,4,0,4,26,6,2009
579,2009-06-24,Bulgaria,5,0,5,26,6,2009
580,2009-06-24,Cambodia,1,0,1,26,6,2009
581,2009-06-24,Canada,6457,15,6442,26,6,2009
582,2009-06-24,Cap Verde,3,0,3,26,6,2009
583,2009-06-24,"Cayman Islands, UKOT",7,0,7,26,6,2009
584,2009-06-24,Chile,4315,4,4311,26,6,2009
585,2009-06-24,China,906,0,906,26,6,2009
586,2009-06-24,Colombia,71,2,69,26,6,2009
587,2009-06-24,Costa Rica,189,1,188,26,6,2009
588,2009-06-24,Cote d'Ivoire,2,0,2,26,6,2009
589,2009-06-24,Cuba,15,0,15,26,6,2009
590,2009-06-24,Cyprus,5,0,5,26,6,2009
591,2009-06-24,Czech Republic,7,0,7,26,6,2009
592,2009-06-24,Denmark,34,0,34,26,6,2009
593,2009-06-24,Dominica,1,0,1,26,6,2009
594,2009-06-24,Dominican Republic,108,2,106,26,6,2009
595,2009-06-24,Ecuador,115,0,115,26,6,2009
596,2009-06-24,Egypt,40,0,40,26,6,2009
597,2009-06-24,El Salvador,160,0,160,26,6,2009
598,2009-06-24,Estonia,5,0,5,26,6,2009
599,2009-06-24,Ethiopia,2,0,2,26,6,2009
600,2009-06-24,Fiji,2,0,2,26,6,2009
601,2009-06-24,Finland,26,0,26,26,6,2009
602,2009-06-24,France,174,0,174,26,6,2009
603,2009-06-24,Germany,301,0,301,26,6,2009
604,2009-06-24,Greece,58,0,58,26,6,2009
605,2009-06-24,Guatemala ,235,1,234,26,6,2009
606,2009-06-24,Honduras,118,0,118,26,6,2009
607,2009-06-24,Hungary,7,0,7,26,6,2009
608,2009-06-24,Iceland,4,0,4,26,6,2009
609,2009-06-24,India,64,0,64,26,6,2009
610,2009-06-24,Ireland,23,0,23,26,6,2009
611,2009-06-24,Israel,375,0,375,26,6,2009
612,2009-06-24,Italy,96,0,96,26,6,2009
613,2009-06-24,Jamaica,19,0,19,26,6,2009
614,2009-06-24,Japan,893,0,893,26,6,2009
615,2009-06-24,Jordan,15,0,15,26,6,2009
616,2009-06-24,Korea,115,0,115,26,6,2009
617,2009-06-24,Kuwait,26,0,26,26,6,2009
618,2009-06-24,Laos,3,0,3,26,6,2009
619,2009-06-24,Latvia,1,0,1,26,6,2009
620,2009-06-24,Lebanon,25,0,25,26,6,2009
621,2009-06-24,Luxembourg,3,0,3,26,6,2009
622,2009-06-24,Malaysia,68,0,68,26,6,2009
623,2009-06-24,Mexico,7847,115,7732,26,6,2009
624,2009-06-24,Montenegro,1,0,1,26,6,2009
625,2009-06-24,Morocco,9,0,9,26,6,2009
626,2009-06-24,Netherlands,114,0,114,26,6,2009
627,2009-06-24,New Zealand,386,0,386,26,6,2009
628,2009-06-24,Nicaragua,220,0,220,26,6,2009
629,2009-06-24,Norway,22,0,22,26,6,2009
630,2009-06-24,Oman,3,0,3,26,6,2009
631,2009-06-24,Panama,330,0,330,26,6,2009
632,2009-06-24,Papua New Guinea,1,0,1,26,6,2009
633,2009-06-24,Paraguay,58,0,58,26,6,2009
634,2009-06-24,Peru,217,0,217,26,6,2009
635,2009-06-24,Philippines,445,1,444,26,6,2009
636,2009-06-24,Poland,13,0,13,26,6,2009
637,2009-06-24,Portugal,6,0,6,26,6,2009
638,2009-06-24,Qatar,10,0,10,26,6,2009
639,2009-06-24,Romania,19,0,19,26,6,2009
640,2009-06-24,Russia,3,0,3,26,6,2009
641,2009-06-24,Samoa,1,0,1,26,6,2009
642,2009-06-24,Saudi Arabia,45,0,45,26,6,2009
643,2009-06-24,Singapore,194,0,194,26,6,2009
644,2009-06-24,Slovakia,4,0,4,26,6,2009
645,2009-06-24,Slovenia,1,0,1,26,6,2009
646,2009-06-24,South Africa,1,0,1,26,6,2009
647,2009-06-24,Spain,539,0,539,26,6,2009
648,2009-06-24,Sri Lanka,5,0,5,26,6,2009
649,2009-06-24,Suriname,11,0,11,26,6,2009
650,2009-06-24,Sweden,55,0,55,26,6,2009
651,2009-06-24,Switzerland,33,0,33,26,6,2009
652,2009-06-24,Thailand,774,0,774,26,6,2009
653,2009-06-24,Trinidad and Tobago,25,0,25,26,6,2009
654,2009-06-24,Tunisia,2,0,2,26,6,2009
655,2009-06-24,Turkey,26,0,26,26,6,2009
656,2009-06-24,Ukraine,1,0,1,26,6,2009
657,2009-06-24,United Arab Emirates,2,0,2,26,6,2009
658,2009-06-24,United Kingdom,2909,1,2908,26,6,2009
659,2009-06-24,USA,21449,87,21362,26,6,2009
660,2009-06-24,Uruguay,195,0,195,26,6,2009
661,2009-06-24,Vanuatu,1,0,1,26,6,2009
662,2009-06-24,Venezuela,135,0,135,26,6,2009
663,2009-06-24,Viet Nam,56,0,56,26,6,2009
664,2009-06-24,West Bank,8,0,8,26,6,2009
665,2009-06-24,Yemen,6,0,6,26,6,2009
666,2009-06-22,Algeria,1,0,1,26,6,2009
667,2009-06-22,Argentina,1010,7,1003,26,6,2009
668,2009-06-22,Australia,2436,1,2435,26,6,2009
669,2009-06-22,Austria,9,0,9,26,6,2009
670,2009-06-22,Bahamas,2,0,2,26,6,2009
671,2009-06-22,Bahrain,15,0,15,26,6,2009
672,2009-06-22,Bangladesh,1,0,1,26,6,2009
673,2009-06-22,Barbados,4,0,4,26,6,2009
674,2009-06-22,Belgium,29,0,29,26,6,2009
675,2009-06-22,Bermuda,1,0,1,26,6,2009
676,2009-06-22,Bolivia,25,0,25,26,6,2009
677,2009-06-22,Brazil,131,0,131,26,6,2009
678,2009-06-22,BVI,1,0,1,26,6,2009
679,2009-06-22,Brunei Darussalam,1,0,1,26,6,2009
680,2009-06-22,Bulgaria,2,0,2,26,6,2009
681,2009-06-22,Canada,5710,13,5697,26,6,2009
682,2009-06-22,"Cayman Islands, UKOT",4,0,4,26,6,2009
683,2009-06-22,Chile,4315,4,4311,26,6,2009
684,2009-06-22,China,739,0,739,26,6,2009
685,2009-06-22,Colombia,71,2,69,26,6,2009
686,2009-06-22,Costa Rica,149,1,148,26,6,2009
687,2009-06-22,Cuba,15,0,15,26,6,2009
688,2009-06-22,Cyprus,4,0,4,26,6,2009
689,2009-06-22,Czech Republic,7,0,7,26,6,2009
690,2009-06-22,Denmark,23,0,23,26,6,2009
691,2009-06-22,Dominica,1,0,1,26,6,2009
692,2009-06-22,Dominican Republic,93,1,92,26,6,2009
693,2009-06-22,Ecuador,95,0,95,26,6,2009
694,2009-06-22,Egypt,39,0,39,26,6,2009
695,2009-06-22,El Salvador,160,0,160,26,6,2009
696,2009-06-22,Estonia,5,0,5,26,6,2009
697,2009-06-22,Fiji,1,0,1,26,6,2009
698,2009-06-22,Finland,13,0,13,26,6,2009
699,2009-06-22,France,149,0,149,26,6,2009
700,2009-06-22,Germany,275,0,275,26,6,2009
701,2009-06-22,Greece,48,0,48,26,6,2009
702,2009-06-22,Guatemala ,208,1,207,26,6,2009
703,2009-06-22,Honduras,108,0,108,26,6,2009
704,2009-06-22,Hungary,7,0,7,26,6,2009
705,2009-06-22,Iceland,4,0,4,26,6,2009
706,2009-06-22,India,44,0,44,26,6,2009
707,2009-06-22,Ireland,23,0,23,26,6,2009
708,2009-06-22,Israel,291,0,291,26,6,2009
709,2009-06-22,Italy,88,0,88,26,6,2009
710,2009-06-22,Jamaica,19,0,19,26,6,2009
711,2009-06-22,Japan,850,0,850,26,6,2009
712,2009-06-22,Jordan,13,0,13,26,6,2009
713,2009-06-22,Korea,105,0,105,26,6,2009
714,2009-06-22,Kuwait,26,0,26,26,6,2009
715,2009-06-22,Laos,2,0,2,26,6,2009
716,2009-06-22,Lebanon,12,0,12,26,6,2009
717,2009-06-22,Luxembourg,3,0,3,26,6,2009
718,2009-06-22,Malaysia,23,0,23,26,6,2009
719,2009-06-22,Mexico,7624,113,7511,26,6,2009
720,2009-06-22,Morocco*,6,0,6,26,6,2009
721,2009-06-22,Netherlands,95,0,95,26,6,2009
722,2009-06-22,New Zealand,258,0,258,26,6,2009
723,2009-06-22,Nicaragua,189,0,189,26,6,2009
724,2009-06-22,Norway,17,0,17,26,6,2009
725,2009-06-22,Oman,3,0,3,26,6,2009
726,2009-06-22,Panama,330,0,330,26,6,2009
727,2009-06-22,Papua New Guinea,1,0,1,26,6,2009
728,2009-06-22,Paraguay,48,0,48,26,6,2009
729,2009-06-22,Peru,185,0,185,26,6,2009
730,2009-06-22,Philippines,344,0,344,26,6,2009
731,2009-06-22,Poland,13,0,13,26,6,2009
732,2009-06-22,Portugal,6,0,6,26,6,2009
733,2009-06-22,Qatar,8,0,8,26,6,2009
734,2009-06-22,Romania,18,0,18,26,6,2009
735,2009-06-22,Russia,3,0,3,26,6,2009
736,2009-06-22,Samoa,1,0,1,26,6,2009
737,2009-06-22,Saudi Arabia,35,0,35,26,6,2009
738,2009-06-22,Singapore,142,0,142,26,6,2009
739,2009-06-22,Slovakia,3,0,3,26,6,2009
740,2009-06-22,Slovenia,1,0,1,26,6,2009
741,2009-06-22,South Africa,1,0,1,26,6,2009
742,2009-06-22,Spain,522,0,522,26,6,2009
743,2009-06-22,Sri Lanka,4,0,4,26,6,2009
744,2009-06-22,Suriname,11,0,11,26,6,2009
745,2009-06-22,Sweden,48,0,48,26,6,2009
746,2009-06-22,Switzerland,31,0,31,26,6,2009
747,2009-06-22,Thailand,589,0,589,26,6,2009
748,2009-06-22,Trinidad and Tobago,18,0,18,26,6,2009
749,2009-06-22,Turkey,20,0,20,26,6,2009
750,2009-06-22,Ukraine,1,0,1,26,6,2009
751,2009-06-22,United Arab Emirates,2,0,2,26,6,2009
752,2009-06-22,United Kingdom,2508,1,2507,26,6,2009
753,2009-06-22,USA,21449,87,21362,26,6,2009
754,2009-06-22,Uruguay,36,0,36,26,6,2009
755,2009-06-22,Venezuela,71,0,71,26,6,2009
756,2009-06-22,Viet Nam,35,0,35,26,6,2009
757,2009-06-22,West Bank,8,0,8,26,6,2009
758,2009-06-22,Yemen,5,0,5,26,6,2009
759,2009-06-19,Argentina,918,4,914,25,6,2009
760,2009-06-19,Australia,2199,0,2199,25,6,2009
761,2009-06-19,Austria,8,0,8,25,6,2009
762,2009-06-19,Bahamas,2,0,2,25,6,2009
763,2009-06-19,Bahrain,12,0,12,25,6,2009
764,2009-06-19,Barbados,4,0,4,25,6,2009
765,2009-06-19,Belgium,19,0,19,25,6,2009
766,2009-06-19,Bermuda,1,0,1,25,6,2009
767,2009-06-19,Bolivia,11,0,11,25,6,2009
768,2009-06-19,Brazil,96,0,96,25,6,2009
769,2009-06-19,BVI,1,0,1,25,6,2009
770,2009-06-19,Bulgaria,2,0,2,25,6,2009
771,2009-06-19,Canada,4905,12,4893,25,6,2009
772,2009-06-19,"Cayman Islands, UKOT",4,0,4,25,6,2009
773,2009-06-19,Chile,3125,2,3123,25,6,2009
774,2009-06-19,China,519,0,519,25,6,2009
775,2009-06-19,Colombia,60,1,59,25,6,2009
776,2009-06-19,Costa Rica,149,1,148,25,6,2009
777,2009-06-19,Cuba,15,0,15,25,6,2009
778,2009-06-19,Cyprus,1,0,1,25,6,2009
779,2009-06-19,Czech Republic,5,0,5,25,6,2009
780,2009-06-19,Denmark,22,0,22,25,6,2009
781,2009-06-19,Dominica,1,0,1,25,6,2009
782,2009-06-19,Dominican Republic,93,1,92,25,6,2009
783,2009-06-19,Ecuador,86,0,86,25,6,2009
784,2009-06-19,Egypt,29,0,29,25,6,2009
785,2009-06-19,El Salvador,160,0,160,25,6,2009
786,2009-06-19,Estonia,5,0,5,25,6,2009
787,2009-06-19,Finland,13,0,13,25,6,2009
788,2009-06-19,France,133,0,133,25,6,2009
789,2009-06-19,Germany,238,0,238,25,6,2009
790,2009-06-19,Greece,31,0,31,25,6,2009
791,2009-06-19,Guatemala ,153,1,152,25,6,2009
792,2009-06-19,Honduras,108,0,108,25,6,2009
793,2009-06-19,Hungary,7,0,7,25,6,2009
794,2009-06-19,Iceland,4,0,4,25,6,2009
795,2009-06-19,India,30,0,30,25,6,2009
796,2009-06-19,Ireland,16,0,16,25,6,2009
797,2009-06-19,Israel,219,0,219,25,6,2009
798,2009-06-19,Italy,88,0,88,25,6,2009
799,2009-06-19,Jamaica,14,0,14,25,6,2009
800,2009-06-19,Japan,690,0,690,25,6,2009
801,2009-06-19,Jordan,2,0,2,25,6,2009
802,2009-06-19,Korea,84,0,84,25,6,2009
803,2009-06-19,Kuwait,18,0,18,25,6,2009
804,2009-06-19,Laos,1,0,1,25,6,2009
805,2009-06-19,Lebanon,12,0,12,25,6,2009
806,2009-06-19,Luxembourg,2,0,2,25,6,2009
807,2009-06-19,Malaysia,23,0,23,25,6,2009
808,2009-06-19,Mexico,7624,113,7511,25,6,2009
809,2009-06-19,Morocco,8,0,8,25,6,2009
810,2009-06-19,Netherlands,91,0,91,25,6,2009
811,2009-06-19,New Zealand,216,0,216,25,6,2009
812,2009-06-19,Nicaragua,144,0,144,25,6,2009
813,2009-06-19,Norway,17,0,17,25,6,2009
814,2009-06-19,Oman,3,0,3,25,6,2009
815,2009-06-19,Panama,272,0,272,25,6,2009
816,2009-06-19,Papua New Guinea,1,0,1,25,6,2009
817,2009-06-19,Paraguay,27,0,27,25,6,2009
818,2009-06-19,Peru,141,0,141,25,6,2009
819,2009-06-19,Philippines,311,0,311,25,6,2009
820,2009-06-19,Poland,7,0,7,25,6,2009
821,2009-06-19,Portugal,5,0,5,25,6,2009
822,2009-06-19,Qatar,3,0,3,25,6,2009
823,2009-06-19,Romania,18,0,18,25,6,2009
824,2009-06-19,Russia,3,0,3,25,6,2009
825,2009-06-19,Samoa,1,0,1,25,6,2009
826,2009-06-19,Saudi Arabia,22,0,22,25,6,2009
827,2009-06-19,Singapore,77,0,77,25,6,2009
828,2009-06-19,Slovakia,3,0,3,25,6,2009
829,2009-06-19,South Africa,1,0,1,25,6,2009
830,2009-06-19,Spain,512,0,512,25,6,2009
831,2009-06-19,Sri Lanka,1,0,1,25,6,2009
832,2009-06-19,Suriname,11,0,11,25,6,2009
833,2009-06-19,Sweden,43,0,43,25,6,2009
834,2009-06-19,Switzerland,27,0,27,25,6,2009
835,2009-06-19,Thailand,518,0,518,25,6,2009
836,2009-06-19,Trinidad and Tobago,18,0,18,25,6,2009
837,2009-06-19,Turkey,20,0,20,25,6,2009
838,2009-06-19,Ukraine,1,0,1,25,6,2009
839,2009-06-19,United Arab Emirates,2,0,2,25,6,2009
840,2009-06-19,United Kingdom,1754,1,1753,25,6,2009
841,2009-06-19,USA,17855,44,17811,25,6,2009
842,2009-06-19,Uruguay,36,0,36,25,6,2009
843,2009-06-19,Venezuela,60,0,60,25,6,2009
844,2009-06-19,Viet Nam,27,0,27,25,6,2009
845,2009-06-19,West Bank,5,0,5,25,6,2009
846,2009-06-19,Yemen,4,0,4,25,6,2009
847,2009-06-17,Argentina,733,1,732,25,6,2009
848,2009-06-17,Australia,2112,0,2112,25,6,2009
849,2009-06-17,Austria,7,0,7,25,6,2009
850,2009-06-17,Bahamas,2,0,2,25,6,2009
851,2009-06-17,Bahrain,12,0,12,25,6,2009
852,2009-06-17,Barbados,3,0,3,25,6,2009
853,2009-06-17,Belgium,19,0,19,25,6,2009
854,2009-06-17,Bermuda,1,0,1,25,6,2009
855,2009-06-17,Bolivia,11,0,11,25,6,2009
856,2009-06-17,Brazil,79,0,79,25,6,2009
857,2009-06-17,BVI,1,0,1,25,6,2009
858,2009-06-17,Bulgaria,2,0,2,25,6,2009
859,2009-06-17,Canada,4049,7,4042,25,6,2009
860,2009-06-17,"Cayman Islands, UKOT",4,0,4,25,6,2009
861,2009-06-17,Chile,2335,2,2333,25,6,2009
862,2009-06-17,China,382,0,382,25,6,2009
863,2009-06-17,Colombia,53,1,52,25,6,2009
864,2009-06-17,Costa Rica,149,1,148,25,6,2009
865,2009-06-17,Cuba,7,0,7,25,6,2009
866,2009-06-17,Cyprus,1,0,1,25,6,2009
867,2009-06-17,Czech Republic,4,0,4,25,6,2009
868,2009-06-17,Denmark,15,0,15,25,6,2009
869,2009-06-17,Dominica,1,0,1,25,6,2009
870,2009-06-17,Dominican Republic,93,1,92,25,6,2009
871,2009-06-17,Ecuador,86,0,86,25,6,2009
872,2009-06-17,Egypt,26,0,26,25,6,2009
873,2009-06-17,El Salvador,125,0,125,25,6,2009
874,2009-06-17,Estonia,4,0,4,25,6,2009
875,2009-06-17,Finland,12,0,12,25,6,2009
876,2009-06-17,France,118,0,118,25,6,2009
877,2009-06-17,France,1,0,1,25,6,2009
878,2009-06-17,France,1,0,1,25,6,2009
879,2009-06-17,Germany,195,0,195,25,6,2009
880,2009-06-17,Greece,23,0,23,25,6,2009
881,2009-06-17,Guatemala,128,1,127,25,6,2009
882,2009-06-17,Honduras,100,0,100,25,6,2009
883,2009-06-17,Hungary,4,0,4,25,6,2009
884,2009-06-17,Iceland,4,0,4,25,6,2009
885,2009-06-17,India,30,0,30,25,6,2009
886,2009-06-17,Ireland,12,0,12,25,6,2009
887,2009-06-17,Israel,152,0,152,25,6,2009
888,2009-06-17,Italy,72,0,72,25,6,2009
889,2009-06-17,Jamaica,12,0,12,25,6,2009
890,2009-06-17,Japan,666,0,666,25,6,2009
891,2009-06-17,Jordan,2,0,2,25,6,2009
892,2009-06-17,Korea,65,0,65,25,6,2009
893,2009-06-17,Kuwait,18,0,18,25,6,2009
894,2009-06-17,Lebanon,11,0,11,25,6,2009
895,2009-06-17,Luxembourg,2,0,2,25,6,2009
896,2009-06-17,Malaysia,17,0,17,25,6,2009
897,2009-06-17,Mexico,6241,108,6133,25,6,2009
898,2009-06-17,Morocco,3,0,3,25,6,2009
899,2009-06-17,Netherlands,68,0,68,25,6,2009
900,2009-06-17,"Netherlands, Curacao, OT",1,0,1,25,6,2009
901,2009-06-17,New Zealand,127,0,127,25,6,2009
902,2009-06-17,Nicaragua,118,0,118,25,6,2009
903,2009-06-17,Norway,13,0,13,25,6,2009
904,2009-06-17,Panama,272,0,272,25,6,2009
905,2009-06-17,Paraguay,25,0,25,25,6,2009
906,2009-06-17,Peru,112,0,112,25,6,2009
907,2009-06-17,Philippines,193,0,193,25,6,2009
908,2009-06-17,Poland,7,0,7,25,6,2009
909,2009-06-17,Portugal,3,0,3,25,6,2009
910,2009-06-17,Qatar,3,0,3,25,6,2009
911,2009-06-17,Romania,16,0,16,25,6,2009
912,2009-06-17,Russia,3,0,3,25,6,2009
913,2009-06-17,Samoa,1,0,1,25,6,2009
914,2009-06-17,Saudi Arabia,17,0,17,25,6,2009
915,2009-06-17,Singapore,49,0,49,25,6,2009
916,2009-06-17,Slovakia,3,0,3,25,6,2009
917,2009-06-17,Spain,499,0,499,25,6,2009
918,2009-06-17,Sri Lanka,1,0,1,25,6,2009
919,2009-06-17,Sweden,37,0,37,25,6,2009
920,2009-06-17,Switzerland,27,0,27,25,6,2009
921,2009-06-17,Thailand,310,0,310,25,6,2009
922,2009-06-17,Trinidad and Tobago,5,0,5,25,6,2009
923,2009-06-17,Turkey,16,0,16,25,6,2009
924,2009-06-17,Ukraine,1,0,1,25,6,2009
925,2009-06-17,United Arab Emirates,1,0,1,25,6,2009
926,2009-06-17,United Kingdom,1461,1,1460,25,6,2009
927,2009-06-17,"United Kingdom, Isle of Man, Crown Dependency",1,0,1,25,6,2009
928,2009-06-17,"United Kingdom, Jersey, Crown Dependency",1,0,1,25,6,2009
929,2009-06-17,USA*,17855,44,17811,25,6,2009
930,2009-06-17,Uruguay,36,0,36,25,6,2009
931,2009-06-17,Venezuela,45,0,45,25,6,2009
932,2009-06-17,Viet Nam,27,0,27,25,6,2009
933,2009-06-17,West Bank,2,0,2,25,6,2009
934,2009-06-17,Yemen,1,0,1,25,6,2009
935,2009-06-15,Argentina,343,0,343,25,6,2009
936,2009-06-15,Australia,1823,0,1823,25,6,2009
937,2009-06-15,Austria,7,0,7,25,6,2009
938,2009-06-15,Bahamas,1,0,1,25,6,2009
939,2009-06-15,Bahrain,1,0,1,25,6,2009
940,2009-06-15,Barbados,3,0,3,25,6,2009
941,2009-06-15,Belgium,17,0,17,25,6,2009
942,2009-06-15,Bolivia,7,0,7,25,6,2009
943,2009-06-15,Brazil,54,0,54,25,6,2009
944,2009-06-15,Bulgaria,2,0,2,25,6,2009
945,2009-06-15,Canada,2978,4,2974,25,6,2009
946,2009-06-15,"Cayman Islands, UKOT",2,0,2,25,6,2009
947,2009-06-15,Chile,1694,2,1692,25,6,2009
948,2009-06-15,China,318,0,318,25,6,2009
949,2009-06-15,Colombia,42,1,41,25,6,2009
950,2009-06-15,Costa Rica,104,1,103,25,6,2009
951,2009-06-15,Cuba,6,0,6,25,6,2009
952,2009-06-15,Cyprus,1,0,1,25,6,2009
953,2009-06-15,Czech Republic,4,0,4,25,6,2009
954,2009-06-15,Denmark,12,0,12,25,6,2009
955,2009-06-15,Dominica,1,0,1,25,6,2009
956,2009-06-15,Dominican Republic,93,1,92,25,6,2009
957,2009-06-15,Ecuador,80,0,80,25,6,2009
958,2009-06-15,Egypt,18,0,18,25,6,2009
959,2009-06-15,El Salvador,95,0,95,25,6,2009
960,2009-06-15,Estonia,4,0,4,25,6,2009
961,2009-06-15,Finland,4,0,4,25,6,2009
962,2009-06-15,France,80,0,80,25,6,2009
963,2009-06-15,Germany,170,0,170,25,6,2009
964,2009-06-15,Greece,19,0,19,25,6,2009
965,2009-06-15,Guatemala,119,1,118,25,6,2009
966,2009-06-15,Honduras,89,0,89,25,6,2009
967,2009-06-15,Hungary,4,0,4,25,6,2009
968,2009-06-15,Iceland,4,0,4,25,6,2009
969,2009-06-15,India,16,0,16,25,6,2009
970,2009-06-15,Ireland,12,0,12,25,6,2009
971,2009-06-15,Israel,117,0,117,25,6,2009
972,2009-06-15,Italy,67,0,67,25,6,2009
973,2009-06-15,Jamaica,11,0,11,25,6,2009
974,2009-06-15,Japan,605,0,605,25,6,2009
975,2009-06-15,Korea,65,0,65,25,6,2009
976,2009-06-15,Kuwait,18,0,18,25,6,2009
977,2009-06-15,Lebanon,8,0,8,25,6,2009
978,2009-06-15,Luxembourg,1,0,1,25,6,2009
979,2009-06-15,Malaysia,5,0,5,25,6,2009
980,2009-06-15,Mexico,6241,108,6133,25,6,2009
981,2009-06-15,Morocco,1,0,1,25,6,2009
982,2009-06-15,Netherlands,61,0,61,25,6,2009
983,2009-06-15,New Zealand,86,0,86,25,6,2009
984,2009-06-15,Nicaragua,56,0,56,25,6,2009
985,2009-06-15,Norway,13,0,13,25,6,2009
986,2009-06-15,Panama,272,0,272,25,6,2009
987,2009-06-15,Paraguay,25,0,25,25,6,2009
988,2009-06-15,Peru,91,0,91,25,6,2009
989,2009-06-15,Philippines,77,0,77,25,6,2009
990,2009-06-15,Poland,7,0,7,25,6,2009
991,2009-06-15,Portugal,3,0,3,25,6,2009
992,2009-06-15,Romania,13,0,13,25,6,2009
993,2009-06-15,Russia,3,0,3,25,6,2009
994,2009-06-15,Saudi Arabia,11,0,11,25,6,2009
995,2009-06-15,Singapore,47,0,47,25,6,2009
996,2009-06-15,Slovakia,3,0,3,25,6,2009
997,2009-06-15,Spain,488,0,488,25,6,2009
998,2009-06-15,Sweden,32,0,32,25,6,2009
999,2009-06-15,Switzerland,22,0,22,25,6,2009
1000,2009-06-15,Thailand,29,0,29,25,6,2009
1001,2009-06-15,Trinidad and Tobago,5,0,5,25,6,2009
1002,2009-06-15,Turkey,10,0,10,25,6,2009
1003,2009-06-15,Ukraine,1,0,1,25,6,2009
1004,2009-06-15,United Arab Emirates,1,0,1,25,6,2009
1005,2009-06-15,United Kingdom,1226,0,1226,25,6,2009
1006,2009-06-15,USA,17855,45,17810,25,6,2009
1007,2009-06-15,Uruguay,36,0,36,25,6,2009
1008,2009-06-15,Venezuela,25,0,25,25,6,2009
1009,2009-06-15,Viet Nam,25,0,25,25,6,2009
1010,2009-06-15,West Bank,2,0,2,25,6,2009
1011,2009-06-12,Argentina,343,0,343,24,6,2009
1012,2009-06-12,Australia,1307,0,1307,24,6,2009
1013,2009-06-12,Austria,7,0,7,24,6,2009
1014,2009-06-12,Bahamas,1,0,1,24,6,2009
1015,2009-06-12,Bahrain,1,0,1,24,6,2009
1016,2009-06-12,Barbados,3,0,3,24,6,2009
1017,2009-06-12,Belgium,14,0,14,24,6,2009
1018,2009-06-12,Bolivia,5,0,5,24,6,2009
1019,2009-06-12,Brazil,52,0,52,24,6,2009
1020,2009-06-12,Bulgaria,2,0,2,24,6,2009
1021,2009-06-12,Canada,2978,4,2974,24,6,2009
1022,2009-06-12,"Cayman Islands, UKOT",2,0,2,24,6,2009
1023,2009-06-12,Chile,1694,2,1692,24,6,2009
1024,2009-06-12,China,188,0,188,24,6,2009
1025,2009-06-12,Colombia,35,1,34,24,6,2009
1026,2009-06-12,Costa Rica,104,1,103,24,6,2009
1027,2009-06-12,Cuba,6,0,6,24,6,2009
1028,2009-06-12,Cyprus,1,0,1,24,6,2009
1029,2009-06-12,Czech Republic,4,0,4,24,6,2009
1030,2009-06-12,Denmark,11,0,11,24,6,2009
1031,2009-06-12,Dominica,1,0,1,24,6,2009
1032,2009-06-12,Dominican Republic,91,1,90,24,6,2009
1033,2009-06-12,Ecuador,67,0,67,24,6,2009
1034,2009-06-12,Egypt,10,0,10,24,6,2009
1035,2009-06-12,El Salvador,69,0,69,24,6,2009
1036,2009-06-12,Estonia,4,0,4,24,6,2009
1037,2009-06-12,Finland,4,0,4,24,6,2009
1038,2009-06-12,France,73,0,73,24,6,2009
1039,2009-06-12,Germany,95,0,95,24,6,2009
1040,2009-06-12,Greece,7,0,7,24,6,2009
1041,2009-06-12,Guatemala,74,1,73,24,6,2009
1042,2009-06-12,Honduras,89,0,89,24,6,2009
1043,2009-06-12,Hungary,4,0,4,24,6,2009
1044,2009-06-12,Iceland,4,0,4,24,6,2009
1045,2009-06-12,India,9,0,9,24,6,2009
1046,2009-06-12,Ireland,12,0,12,24,6,2009
1047,2009-06-12,Israel,68,0,68,24,6,2009
1048,2009-06-12,Italy,56,0,56,24,6,2009
1049,2009-06-12,Jamaica,11,0,11,24,6,2009
1050,2009-06-12,Japan,549,0,549,24,6,2009
1051,2009-06-12,Korea,53,0,53,24,6,2009
1052,2009-06-12,Kuwait,18,0,18,24,6,2009
1053,2009-06-12,Lebanon,8,0,8,24,6,2009
1054,2009-06-12,Luxembourg,1,0,1,24,6,2009
1055,2009-06-12,Malaysia,5,0,5,24,6,2009
1056,2009-06-12,Mexico,6241,108,6133,24,6,2009
1057,2009-06-12,Netherlands,35,0,35,24,6,2009
1058,2009-06-12,New Zealand,27,0,27,24,6,2009
1059,2009-06-12,Nicaragua,56,0,56,24,6,2009
1060,2009-06-12,Norway,13,0,13,24,6,2009
1061,2009-06-12,Panama,221,0,221,24,6,2009
1062,2009-06-12,Paraguay,25,0,25,24,6,2009
1063,2009-06-12,Peru,79,0,79,24,6,2009
1064,2009-06-12,Philippines,77,0,77,24,6,2009
1065,2009-06-12,Poland,7,0,7,24,6,2009
1066,2009-06-12,Portugal,2,0,2,24,6,2009
1067,2009-06-12,Romania,11,0,11,24,6,2009
1068,2009-06-12,Russia,3,0,3,24,6,2009
1069,2009-06-12,Saudi Arabia,1,0,1,24,6,2009
1070,2009-06-12,Singapore,18,0,18,24,6,2009
1071,2009-06-12,Slovakia,3,0,3,24,6,2009
1072,2009-06-12,Spain,488,0,488,24,6,2009
1073,2009-06-12,Sweden,19,0,19,24,6,2009
1074,2009-06-12,Switzerland,20,0,20,24,6,2009
1075,2009-06-12,Thailand,8,0,8,24,6,2009
1076,2009-06-12,Trinidad and Tobago,4,0,4,24,6,2009
1077,2009-06-12,Turkey,10,0,10,24,6,2009
1078,2009-06-12,Ukraine,1,0,1,24,6,2009
1079,2009-06-12,United Arab Emirates,1,0,1,24,6,2009
1080,2009-06-12,United Kingdom,822,0,822,24,6,2009
1081,2009-06-12,USA,13217,27,13190,24,6,2009
1082,2009-06-12,Uruguay,36,0,36,24,6,2009
1083,2009-06-12,Venezuela,25,0,25,24,6,2009
1084,2009-06-12,Viet Nam,23,0,23,24,6,2009
1085,2009-06-11,Argentina,256,0,256,24,6,2009
1086,2009-06-11,Australia,1307,0,1307,24,6,2009
1087,2009-06-11,Austria,7,0,7,24,6,2009
1088,2009-06-11,Bahamas,1,0,1,24,6,2009
1089,2009-06-11,Bahrain,1,0,1,24,6,2009
1090,2009-06-11,Barbados,3,0,3,24,6,2009
1091,2009-06-11,Belgium,14,0,14,24,6,2009
1092,2009-06-11,Bolivia,5,0,5,24,6,2009
1093,2009-06-11,Brazil,40,0,40,24,6,2009
1094,2009-06-11,Bulgaria,2,0,2,24,6,2009
1095,2009-06-11,Canada,2446,4,2442,24,6,2009
1096,2009-06-11,"Cayman Islands, UKOT",2,0,2,24,6,2009
1097,2009-06-11,Chile,1694,2,1692,24,6,2009
1098,2009-06-11,China,174,0,174,24,6,2009
1099,2009-06-11,Colombia,35,1,34,24,6,2009
1100,2009-06-11,Costa Rica,104,1,103,24,6,2009
1101,2009-06-11,Cuba,5,0,5,24,6,2009
1102,2009-06-11,Cyprus,1,0,1,24,6,2009
1103,2009-06-11,Czech Republic,4,0,4,24,6,2009
1104,2009-06-11,Denmark,10,0,10,24,6,2009
1105,2009-06-11,Dominica,1,0,1,24,6,2009
1106,2009-06-11,Dominican Republic,91,1,90,24,6,2009
1107,2009-06-11,Ecuador,67,0,67,24,6,2009
1108,2009-06-11,Egypt,10,0,10,24,6,2009
1109,2009-06-11,El Salvador,69,0,69,24,6,2009
1110,2009-06-11,Estonia,4,0,4,24,6,2009
1111,2009-06-11,Finland,4,0,4,24,6,2009
1112,2009-06-11,France,73,0,73,24,6,2009
1113,2009-06-11,Germany,95,0,95,24,6,2009
1114,2009-06-11,Greece,7,0,7,24,6,2009
1115,2009-06-11,Guatemala,60,0,60,24,6,2009
1116,2009-06-11,Honduras,89,0,89,24,6,2009
1117,2009-06-11,Hungary,4,0,4,24,6,2009
1118,2009-06-11,Iceland,3,0,3,24,6,2009
1119,2009-06-11,India,9,0,9,24,6,2009
1120,2009-06-11,Ireland,12,0,12,24,6,2009
1121,2009-06-11,Israel,68,0,68,24,6,2009
1122,2009-06-11,Italy,54,0,54,24,6,2009
1123,2009-06-11,Jamaica,10,0,10,24,6,2009
1124,2009-06-11,Japan,518,0,518,24,6,2009
1125,2009-06-11,Korea,53,0,53,24,6,2009
1126,2009-06-11,Kuwait,18,0,18,24,6,2009
1127,2009-06-11,Lebanon,8,0,8,24,6,2009
1128,2009-06-11,Luxembourg,1,0,1,24,6,2009
1129,2009-06-11,Malaysia,5,0,5,24,6,2009
1130,2009-06-11,Mexico,6241,108,6133,24,6,2009
1131,2009-06-11,Netherlands,30,0,30,24,6,2009
1132,2009-06-11,New Zealand,23,0,23,24,6,2009
1133,2009-06-11,Nicaragua,45,0,45,24,6,2009
1134,2009-06-11,Norway,13,0,13,24,6,2009
1135,2009-06-11,Panama,221,0,221,24,6,2009
1136,2009-06-11,Paraguay,25,0,25,24,6,2009
1137,2009-06-11,Peru,64,0,64,24,6,2009
1138,2009-06-11,Philippines,77,0,77,24,6,2009
1139,2009-06-11,Poland,7,0,7,24,6,2009
1140,2009-06-11,Portugal,2,0,2,24,6,2009
1141,2009-06-11,Romania,11,0,11,24,6,2009
1142,2009-06-11,Russia,3,0,3,24,6,2009
1143,2009-06-11,Saudi Arabia,1,0,1,24,6,2009
1144,2009-06-11,Singapore,18,0,18,24,6,2009
1145,2009-06-11,Slovakia,3,0,3,24,6,2009
1146,2009-06-11,Spain,357,0,357,24,6,2009
1147,2009-06-11,Sweden,19,0,19,24,6,2009
1148,2009-06-11,Switzerland,20,0,20,24,6,2009
1149,2009-06-11,Thailand,8,0,8,24,6,2009
1150,2009-06-11,Trinidad and Tobago,2,0,2,24,6,2009
1151,2009-06-11,Turkey,10,0,10,24,6,2009
1152,2009-06-11,Ukraine,1,0,1,24,6,2009
1153,2009-06-11,United Arab Emirates,1,0,1,24,6,2009
1154,2009-06-11,United Kingdom,822,0,822,24,6,2009
1155,2009-06-11,USA,13217,27,13190,24,6,2009
1156,2009-06-11,Uruguay,24,0,24,24,6,2009
1157,2009-06-11,Venezuela,13,0,13,24,6,2009
1158,2009-06-11,Viet Nam,16,0,16,24,6,2009
1159,2009-06-10,Argentina,235,0,235,24,6,2009
1160,2009-06-10,Australia,1224,0,1224,24,6,2009
1161,2009-06-10,Austria,5,0,5,24,6,2009
1162,2009-06-10,Bahamas,2,0,2,24,6,2009
1163,2009-06-10,Bahrain,1,0,1,24,6,2009
1164,2009-06-10,Barbados,2,0,2,24,6,2009
1165,2009-06-10,Belgium,14,0,14,24,6,2009
1166,2009-06-10,Bolivia,3,0,3,24,6,2009
1167,2009-06-10,Brazil,36,0,36,24,6,2009
1168,2009-06-10,Bulgaria,2,0,2,24,6,2009
1169,2009-06-10,Canada,2446,4,2442,24,6,2009
1170,2009-06-10,"Cayman Islands, UKOT",1,0,1,24,6,2009
1171,2009-06-10,Chile,1694,2,1692,24,6,2009
1172,2009-06-10,China,142,0,142,24,6,2009
1173,2009-06-10,Colombia,35,0,35,24,6,2009
1174,2009-06-10,Costa Rica,93,1,92,24,6,2009
1175,2009-06-10,Cuba,5,0,5,24,6,2009
1176,2009-06-10,Cyprus,1,0,1,24,6,2009
1177,2009-06-10,Czech Republic,2,0,2,24,6,2009
1178,2009-06-10,Denmark,8,0,8,24,6,2009
1179,2009-06-10,Dominica,1,0,1,24,6,2009
1180,2009-06-10,Dominican Republic,91,1,90,24,6,2009
1181,2009-06-10,Ecuador,60,0,60,24,6,2009
1182,2009-06-10,Egypt,8,0,8,24,6,2009
1183,2009-06-10,El Salvador,69,0,69,24,6,2009
1184,2009-06-10,Estonia,4,0,4,24,6,2009
1185,2009-06-10,Finland,4,0,4,24,6,2009
1186,2009-06-10,France,71,0,71,24,6,2009
1187,2009-06-10,Germany,78,0,78,24,6,2009
1188,2009-06-10,Greece,5,0,5,24,6,2009
1189,2009-06-10,Guatemala,60,0,60,24,6,2009
1190,2009-06-10,Honduras,89,0,89,24,6,2009
1191,2009-06-10,Hungary,3,0,3,24,6,2009
1192,2009-06-10,Iceland,2,0,2,24,6,2009
1193,2009-06-10,India,4,0,4,24,6,2009
1194,2009-06-10,Ireland,12,0,12,24,6,2009
1195,2009-06-10,Israel,63,0,63,24,6,2009
1196,2009-06-10,Italy,50,0,50,24,6,2009
1197,2009-06-10,Jamaica,7,0,7,24,6,2009
1198,2009-06-10,Japan,485,0,485,24,6,2009
1199,2009-06-10,Korea,48,0,48,24,6,2009
1200,2009-06-10,Kuwait,18,0,18,24,6,2009
1201,2009-06-10,Lebanon,8,0,8,24,6,2009
1202,2009-06-10,Luxembourg,1,0,1,24,6,2009
1203,2009-06-10,Malaysia,5,0,5,24,6,2009
1204,2009-06-10,Mexico,5717,106,5611,24,6,2009
1205,2009-06-10,Netherlands,22,0,22,24,6,2009
1206,2009-06-10,New Zealand,23,0,23,24,6,2009
1207,2009-06-10,Nicaragua,29,0,29,24,6,2009
1208,2009-06-10,Norway,9,0,9,24,6,2009
1209,2009-06-10,Panama,221,0,221,24,6,2009
1210,2009-06-10,Paraguay,16,0,16,24,6,2009
1211,2009-06-10,Peru,64,0,64,24,6,2009
1212,2009-06-10,Philippines,54,0,54,24,6,2009
1213,2009-06-10,Poland,6,0,6,24,6,2009
1214,2009-06-10,Portugal,2,0,2,24,6,2009
1215,2009-06-10,Romania,9,0,9,24,6,2009
1216,2009-06-10,Russia,3,0,3,24,6,2009
1217,2009-06-10,Saudi Arabia,1,0,1,24,6,2009
1218,2009-06-10,Singapore,18,0,18,24,6,2009
1219,2009-06-10,Slovakia,3,0,3,24,6,2009
1220,2009-06-10,Spain,331,0,331,24,6,2009
1221,2009-06-10,Sweden,16,0,16,24,6,2009
1222,2009-06-10,Switzerland,16,0,16,24,6,2009
1223,2009-06-10,Thailand,8,0,8,24,6,2009
1224,2009-06-10,Trinidad and Tobago,2,0,2,24,6,2009
1225,2009-06-10,Turkey,10,0,10,24,6,2009
1226,2009-06-10,Ukraine,1,0,1,24,6,2009
1227,2009-06-10,United Arab Emirates,1,0,1,24,6,2009
1228,2009-06-10,United Kingdom,666,0,666,24,6,2009
1229,2009-06-10,USA,13217,27,13190,24,6,2009
1230,2009-06-10,Uruguay,24,0,24,24,6,2009
1231,2009-06-10,Venezuela,12,0,12,24,6,2009
1232,2009-06-10,Viet Nam,15,0,15,24,6,2009
1233,2009-06-08,Argentina,202,0,202,24,6,2009
1234,2009-06-08,Australia,1051,0,1051,24,6,2009
1235,2009-06-08,Austria,5,0,5,24,6,2009
1236,2009-06-08,Bahamas,1,0,1,24,6,2009
1237,2009-06-08,Bahrain,1,0,1,24,6,2009
1238,2009-06-08,Barbados,2,0,2,24,6,2009
1239,2009-06-08,Belgium,14,0,14,24,6,2009
1240,2009-06-08,Bolivia,3,0,3,24,6,2009
1241,2009-06-08,Brazil,35,0,35,24,6,2009
1242,2009-06-08,Bulgaria,2,0,2,24,6,2009
1243,2009-06-08,Canada,2115,3,2112,24,6,2009
1244,2009-06-08,"Cayman Islands, UKOT",1,0,1,24,6,2009
1245,2009-06-08,Chile,411,1,410,24,6,2009
1246,2009-06-08,China,108,0,108,24,6,2009
1247,2009-06-08,Colombia,25,0,25,24,6,2009
1248,2009-06-08,Costa Rica,68,1,67,24,6,2009
1249,2009-06-08,Cuba,5,0,5,24,6,2009
1250,2009-06-08,Cyprus,1,0,1,24,6,2009
1251,2009-06-08,Czech Republic,2,0,2,24,6,2009
1252,2009-06-08,Denmark,7,0,7,24,6,2009
1253,2009-06-08,Dominica,1,0,1,24,6,2009
1254,2009-06-08,Dominican Republic,44,1,43,24,6,2009
1255,2009-06-08,Ecuador,60,0,60,24,6,2009
1256,2009-06-08,Egypt,1,0,1,24,6,2009
1257,2009-06-08,El Salvador,69,0,69,24,6,2009
1258,2009-06-08,Estonia,3,0,3,24,6,2009
1259,2009-06-08,Finland,4,0,4,24,6,2009
1260,2009-06-08,France,58,0,58,24,6,2009
1261,2009-06-08,Germany,63,0,63,24,6,2009
1262,2009-06-08,Greece,5,0,5,24,6,2009
1263,2009-06-08,Guatemala,30,0,30,24,6,2009
1264,2009-06-08,Honduras,34,0,34,24,6,2009
1265,2009-06-08,Hungary,3,0,3,24,6,2009
1266,2009-06-08,Iceland,1,0,1,24,6,2009
1267,2009-06-08,India,4,0,4,24,6,2009
1268,2009-06-08,Ireland,11,0,11,24,6,2009
1269,2009-06-08,Israel,54,0,54,24,6,2009
1270,2009-06-08,Italy,50,0,50,24,6,2009
1271,2009-06-08,Jamaica,4,0,4,24,6,2009
1272,2009-06-08,Japan,410,0,410,24,6,2009
1273,2009-06-08,Korea,47,0,47,24,6,2009
1274,2009-06-08,Kuwait,18,0,18,24,6,2009
1275,2009-06-08,Lebanon,3,0,3,24,6,2009
1276,2009-06-08,Luxembourg,1,0,1,24,6,2009
1277,2009-06-08,Malaysia,5,0,5,24,6,2009
1278,2009-06-08,Mexico,5717,106,5611,24,6,2009
1279,2009-06-08,Netherlands,10,0,10,24,6,2009
1280,2009-06-08,New Zealand,14,0,14,24,6,2009
1281,2009-06-08,Nicaragua,18,0,18,24,6,2009
1282,2009-06-08,Norway,9,0,9,24,6,2009
1283,2009-06-08,Panama,179,0,179,24,6,2009
1284,2009-06-08,Paraguay,5,0,5,24,6,2009
1285,2009-06-08,Peru,61,0,61,24,6,2009
1286,2009-06-08,Philippines,33,0,33,24,6,2009
1287,2009-06-08,Poland,5,0,5,24,6,2009
1288,2009-06-08,Portugal,2,0,2,24,6,2009
1289,2009-06-08,Romania,9,0,9,24,6,2009
1290,2009-06-08,Russia,3,0,3,24,6,2009
1291,2009-06-08,Saudi Arabia,1,0,1,24,6,2009
1292,2009-06-08,Singapore,15,0,15,24,6,2009
1293,2009-06-08,Slovakia,3,0,3,24,6,2009
1294,2009-06-08,Spain,291,0,291,24,6,2009
1295,2009-06-08,Sweden,14,0,14,24,6,2009
1296,2009-06-08,Switzerland,16,0,16,24,6,2009
1297,2009-06-08,Thailand,8,0,8,24,6,2009
1298,2009-06-08,Trinidad and Tobago,2,0,2,24,6,2009
1299,2009-06-08,Turkey,10,0,10,24,6,2009
1300,2009-06-08,United Arab Emirates,1,0,1,24,6,2009
1301,2009-06-08,United Kingdom,557,0,557,24,6,2009
1302,2009-06-08,USA,13217,27,13190,24,6,2009
1303,2009-06-08,Uruguay,17,0,17,24,6,2009
1304,2009-06-08,Venezuela,4,0,4,24,6,2009
1305,2009-06-08,Viet Nam,9,0,9,24,6,2009
1306,2009-06-05,Argentina,147,0,147,23,6,2009
1307,2009-06-05,Australia,876,0,876,23,6,2009
1308,2009-06-05,Austria,2,0,2,23,6,2009
1309,2009-06-05,Bahamas,1,0,1,23,6,2009
1310,2009-06-05,Bahrain,1,0,1,23,6,2009
1311,2009-06-05,Barbados,1,0,1,23,6,2009
1312,2009-06-05,Belgium,13,0,13,23,6,2009
1313,2009-06-05,Bolivia,3,0,3,23,6,2009
1314,2009-06-05,Brazil,28,0,28,23,6,2009
1315,2009-06-05,Bulgaria,1,0,1,23,6,2009
1316,2009-06-05,Canada,1795,3,1792,23,6,2009
1317,2009-06-05,Chile,369,1,368,23,6,2009
1318,2009-06-05,China,89,0,89,23,6,2009
1319,2009-06-05,Colombia,24,0,24,23,6,2009
1320,2009-06-05,Costa Rica,68,1,67,23,6,2009
1321,2009-06-05,Cuba,4,0,4,23,6,2009
1322,2009-06-05,Cyprus,1,0,1,23,6,2009
1323,2009-06-05,Czech Republic,2,0,2,23,6,2009
1324,2009-06-05,Denmark,4,0,4,23,6,2009
1325,2009-06-05,Dominican Republic,33,0,33,23,6,2009
1326,2009-06-05,Ecuador,43,0,43,23,6,2009
1327,2009-06-05,Egypt,1,0,1,23,6,2009
1328,2009-06-05,El Salvador,49,0,49,23,6,2009
1329,2009-06-05,Estonia,3,0,3,23,6,2009
1330,2009-06-05,Finland,4,0,4,23,6,2009
1331,2009-06-05,France,47,0,47,23,6,2009
1332,2009-06-05,Germany,43,0,43,23,6,2009
1333,2009-06-05,Greece,5,0,5,23,6,2009
1334,2009-06-05,Guatemala,23,0,23,23,6,2009
1335,2009-06-05,Honduras,34,0,34,23,6,2009
1336,2009-06-05,Hungary,3,0,3,23,6,2009
1337,2009-06-05,Iceland,1,0,1,23,6,2009
1338,2009-06-05,India,4,0,4,23,6,2009
1339,2009-06-05,Ireland,8,0,8,23,6,2009
1340,2009-06-05,Israel,39,0,39,23,6,2009
1341,2009-06-05,Italy,38,0,38,23,6,2009
1342,2009-06-05,Jamaica,2,0,2,23,6,2009
1343,2009-06-05,Japan,410,0,410,23,6,2009
1344,2009-06-05,Korea,41,0,41,23,6,2009
1345,2009-06-05,Kuwait,18,0,18,23,6,2009
1346,2009-06-05,Lebanon,3,0,3,23,6,2009
1347,2009-06-05,Luxembourg,1,0,1,23,6,2009
1348,2009-06-05,Malaysia,2,0,2,23,6,2009
1349,2009-06-05,Mexico,5563,103,5460,23,6,2009
1350,2009-06-05,Netherlands,4,0,4,23,6,2009
1351,2009-06-05,New Zealand,11,0,11,23,6,2009
1352,2009-06-05,Nicaragua,5,0,5,23,6,2009
1353,2009-06-05,Norway,9,0,9,23,6,2009
1354,2009-06-05,Panama,173,0,173,23,6,2009
1355,2009-06-05,Paraguay,5,0,5,23,6,2009
1356,2009-06-05,Peru,47,0,47,23,6,2009
1357,2009-06-05,Philippines,29,0,29,23,6,2009
1358,2009-06-05,Poland,4,0,4,23,6,2009
1359,2009-06-05,Portugal,2,0,2,23,6,2009
1360,2009-06-05,Romania,8,0,8,23,6,2009
1361,2009-06-05,Russia,3,0,3,23,6,2009
1362,2009-06-05,Saudi Arabia,1,0,1,23,6,2009
1363,2009-06-05,Singapore,12,0,12,23,6,2009
1364,2009-06-05,Slovakia,3,0,3,23,6,2009
1365,2009-06-05,Spain,218,0,218,23,6,2009
1366,2009-06-05,Sweden,13,0,13,23,6,2009
1367,2009-06-05,Switzerland,10,0,10,23,6,2009
1368,2009-06-05,Thailand,8,0,8,23,6,2009
1369,2009-06-05,Turkey,8,0,8,23,6,2009
1370,2009-06-05,United Kingdom,428,0,428,23,6,2009
1371,2009-06-05,USA,11054,17,11037,23,6,2009
1372,2009-06-05,Uruguay,15,0,15,23,6,2009
1373,2009-06-05,Venezuela,4,0,4,23,6,2009
1374,2009-06-05,Viet Nam,3,0,3,23,6,2009
1375,2009-06-03,Argentina,131,0,131,23,6,2009
1376,2009-06-03,Australia,501,0,501,23,6,2009
1377,2009-06-03,Austria,1,0,1,23,6,2009
1378,2009-06-03,Bahamas,1,0,1,23,6,2009
1379,2009-06-03,Bahrain,1,0,1,23,6,2009
1380,2009-06-03,Belgium,13,0,13,23,6,2009
1381,2009-06-03,Bolivia,3,0,3,23,6,2009
1382,2009-06-03,Brazil,20,0,20,23,6,2009
1383,2009-06-03,Bulgaria,1,0,1,23,6,2009
1384,2009-06-03,Canada,1530,2,1528,23,6,2009
1385,2009-06-03,Chile,313,0,313,23,6,2009
1386,2009-06-03,China,69,0,69,23,6,2009
1387,2009-06-03,Colombia,20,0,20,23,6,2009
1388,2009-06-03,Costa Rica,50,1,49,23,6,2009
1389,2009-06-03,Cuba,4,0,4,23,6,2009
1390,2009-06-03,Cyprus,1,0,1,23,6,2009
1391,2009-06-03,Czech Republic,1,0,1,23,6,2009
1392,2009-06-03,Denmark,1,0,1,23,6,2009
1393,2009-06-03,Dominican Republic,11,0,11,23,6,2009
1394,2009-06-03,Ecuador,39,0,39,23,6,2009
1395,2009-06-03,Egypt,1,0,1,23,6,2009
1396,2009-06-03,El Salvador,41,0,41,23,6,2009
1397,2009-06-03,Estonia,1,0,1,23,6,2009
1398,2009-06-03,Finland,4,0,4,23,6,2009
1399,2009-06-03,France,26,0,26,23,6,2009
1400,2009-06-03,Germany,28,0,28,23,6,2009
1401,2009-06-03,Greece,5,0,5,23,6,2009
1402,2009-06-03,Guatemala,14,0,14,23,6,2009
1403,2009-06-03,Honduras,2,0,2,23,6,2009
1404,2009-06-03,Hungary,1,0,1,23,6,2009
1405,2009-06-03,Iceland,1,0,1,23,6,2009
1406,2009-06-03,India,1,0,1,23,6,2009
1407,2009-06-03,Ireland,4,0,4,23,6,2009
1408,2009-06-03,Israel,33,0,33,23,6,2009
1409,2009-06-03,Italy,30,0,30,23,6,2009
1410,2009-06-03,Jamaica,2,0,2,23,6,2009
1411,2009-06-03,Japan,385,0,385,23,6,2009
1412,2009-06-03,Korea,41,0,41,23,6,2009
1413,2009-06-03,Kuwait,18,0,18,23,6,2009
1414,2009-06-03,Lebanon,3,0,3,23,6,2009
1415,2009-06-03,Malaysia,2,0,2,23,6,2009
1416,2009-06-03,Mexico,5029,97,4932,23,6,2009
1417,2009-06-03,Netherlands,4,0,4,23,6,2009
1418,2009-06-03,New Zealand,10,0,10,23,6,2009
1419,2009-06-03,Nicaragua,1,0,1,23,6,2009
1420,2009-06-03,Norway,4,0,4,23,6,2009
1421,2009-06-03,Panama,155,0,155,23,6,2009
1422,2009-06-03,Paraguay,5,0,5,23,6,2009
1423,2009-06-03,Peru,40,0,40,23,6,2009
1424,2009-06-03,Philippines,16,0,16,23,6,2009
1425,2009-06-03,Poland,4,0,4,23,6,2009
1426,2009-06-03,Portugal,2,0,2,23,6,2009
1427,2009-06-03,Romania,5,0,5,23,6,2009
1428,2009-06-03,Russia,3,0,3,23,6,2009
1429,2009-06-03,Singapore,9,0,9,23,6,2009
1430,2009-06-03,Slovakia,2,0,2,23,6,2009
1431,2009-06-03,Spain,180,0,180,23,6,2009
1432,2009-06-03,Sweden,7,0,7,23,6,2009
1433,2009-06-03,Switzerland,10,0,10,23,6,2009
1434,2009-06-03,Thailand,2,0,2,23,6,2009
1435,2009-06-03,Turkey,4,0,4,23,6,2009
1436,2009-06-03,United Kingdom,339,0,339,23,6,2009
1437,2009-06-03,USA,10053,17,10036,23,6,2009
1438,2009-06-03,Uruguay,15,0,15,23,6,2009
1439,2009-06-03,Venezuela,3,0,3,23,6,2009
1440,2009-06-03,Viet Nam,3,0,3,23,6,2009
1441,2009-06-01,Argentina,100,0,100,23,6,2009
1442,2009-06-01,Australia,297,0,297,23,6,2009
1443,2009-06-01,Austria,1,0,1,23,6,2009
1444,2009-06-01,Bahamas,1,0,1,23,6,2009
1445,2009-06-01,Bahrain,1,0,1,23,6,2009
1446,2009-06-01,Belgium,12,0,12,23,6,2009
1447,2009-06-01,Bolivia,3,0,3,23,6,2009
1448,2009-06-01,Brazil,18,0,18,23,6,2009
1449,2009-06-01,Canada,1336,2,1334,23,6,2009
1450,2009-06-01,Chile,250,0,250,23,6,2009
1451,2009-06-01,China,52,0,52,23,6,2009
1452,2009-06-01,Colombia,20,0,20,23,6,2009
1453,2009-06-01,Costa Rica,37,1,36,23,6,2009
1454,2009-06-01,Cuba,4,0,4,23,6,2009
1455,2009-06-01,Cyprus,1,0,1,23,6,2009
1456,2009-06-01,Czech Republic,1,0,1,23,6,2009
1457,2009-06-01,Denmark,1,0,1,23,6,2009
1458,2009-06-01,Dominican Republic,2,0,2,23,6,2009
1459,2009-06-01,Ecuador,39,0,39,23,6,2009
1460,2009-06-01,El Salvador,27,0,27,23,6,2009
1461,2009-06-01,Estonia,1,0,1,23,6,2009
1462,2009-06-01,Finland,3,0,3,23,6,2009
1463,2009-06-01,France,24,0,24,23,6,2009
1464,2009-06-01,Germany,28,0,28,23,6,2009
1465,2009-06-01,Greece,4,0,4,23,6,2009
1466,2009-06-01,Guatemala ,12,0,12,23,6,2009
1467,2009-06-01,Honduras,2,0,2,23,6,2009
1468,2009-06-01,Hungary,1,0,1,23,6,2009
1469,2009-06-01,Iceland,1,0,1,23,6,2009
1470,2009-06-01,India,1,0,1,23,6,2009
1471,2009-06-01,Ireland,4,0,4,23,6,2009
1472,2009-06-01,Israel,19,0,19,23,6,2009
1473,2009-06-01,Italy,29,0,29,23,6,2009
1474,2009-06-01,Jamaica,2,0,2,23,6,2009
1475,2009-06-01,Japan,370,0,370,23,6,2009
1476,2009-06-01,Korea,33,0,33,23,6,2009
1477,2009-06-01,Kuwait,18,0,18,23,6,2009
1478,2009-06-01,Malaysia,2,0,2,23,6,2009
1479,2009-06-01,Mexico,5029,97,4932,23,6,2009
1480,2009-06-01,Netherlands,3,0,3,23,6,2009
1481,2009-06-01,New Zealand,9,0,9,23,6,2009
1482,2009-06-01,Norway,4,0,4,23,6,2009
1483,2009-06-01,Panama,107,0,107,23,6,2009
1484,2009-06-01,Paraguay,5,0,5,23,6,2009
1485,2009-06-01,Peru,36,0,36,23,6,2009
1486,2009-06-01,Philippines,16,0,16,23,6,2009
1487,2009-06-01,Poland,4,0,4,23,6,2009
1488,2009-06-01,Portugal,1,0,1,23,6,2009
1489,2009-06-01,Romania,3,0,3,23,6,2009
1490,2009-06-01,Russia,3,0,3,23,6,2009
1491,2009-06-01,Singapore,5,0,5,23,6,2009
1492,2009-06-01,Slovakia,2,0,2,23,6,2009
1493,2009-06-01,Spain,178,0,178,23,6,2009
1494,2009-06-01,Sweden,4,0,4,23,6,2009
1495,2009-06-01,Switzerland,8,0,8,23,6,2009
1496,2009-06-01,Thailand,2,0,2,23,6,2009
1497,2009-06-01,Turkey,4,0,4,23,6,2009
1498,2009-06-01,United Kingdom,229,0,229,23,6,2009
1499,2009-06-01,USA,8975,15,8960,23,6,2009
1500,2009-06-01,Uruguay,11,0,11,23,6,2009
1501,2009-06-01,Venezuela,2,0,2,23,6,2009
1502,2009-06-01,Viet Nam,1,0,1,23,6,2009
1503,2009-05-29,Argentina,37,0,37,22,5,2009
1504,2009-05-29,Australia,147,0,147,22,5,2009
1505,2009-05-29,Austria,1,0,1,22,5,2009
1506,2009-05-29,Bahrain,1,0,1,22,5,2009
1507,2009-05-29,Belgium,8,0,8,22,5,2009
1508,2009-05-29,Brazil,10,0,10,22,5,2009
1509,2009-05-29,Canada,1118,2,1116,22,5,2009
1510,2009-05-29,Chile,165,0,165,22,5,2009
1511,2009-05-29,China,30,0,30,22,5,2009
1512,2009-05-29,Colombia,17,0,17,22,5,2009
1513,2009-05-29,Costa Rica,33,1,32,22,5,2009
1514,2009-05-29,Cuba,4,0,4,22,5,2009
1515,2009-05-29,Czech Republic,1,0,1,22,5,2009
1516,2009-05-29,Denmark,1,0,1,22,5,2009
1517,2009-05-29,Dominican Republic,2,0,2,22,5,2009
1518,2009-05-29,Ecuador,32,0,32,22,5,2009
1519,2009-05-29,El Salvador,11,0,11,22,5,2009
1520,2009-05-29,Finland,3,0,3,22,5,2009
1521,2009-05-29,France,21,0,21,22,5,2009
1522,2009-05-29,Germany,19,0,19,22,5,2009
1523,2009-05-29,Greece,3,0,3,22,5,2009
1524,2009-05-29,Guatemala,5,0,5,22,5,2009
1525,2009-05-29,Honduras,1,0,1,22,5,2009
1526,2009-05-29,Iceland,1,0,1,22,5,2009
1527,2009-05-29,India,1,0,1,22,5,2009
1528,2009-05-29,Ireland,3,0,3,22,5,2009
1529,2009-05-29,Israel,11,0,11,22,5,2009
1530,2009-05-29,Italy,26,0,26,22,5,2009
1531,2009-05-29,Japan,364,0,364,22,5,2009
1532,2009-05-29,Korea,33,0,33,22,5,2009
1533,2009-05-29,Kuwait,18,0,18,22,5,2009
1534,2009-05-29,Malaysia,2,0,2,22,5,2009
1535,2009-05-29,Mexico,4910,85,4825,22,5,2009
1536,2009-05-29,Netherlands,3,0,3,22,5,2009
1537,2009-05-29,New Zealand,9,0,9,22,5,2009
1538,2009-05-29,Norway,4,0,4,22,5,2009
1539,2009-05-29,Panama,107,0,107,22,5,2009
1540,2009-05-29,Peru,31,0,31,22,5,2009
1541,2009-05-29,Philippines,6,0,6,22,5,2009
1542,2009-05-29,Poland,4,0,4,22,5,2009
1543,2009-05-29,Portugal,1,0,1,22,5,2009
1544,2009-05-29,Romania,3,0,3,22,5,2009
1545,2009-05-29,Russia,2,0,2,22,5,2009
1546,2009-05-29,Singapore,4,0,4,22,5,2009
1547,2009-05-29,Slovakia,1,0,1,22,5,2009
1548,2009-05-29,Spain,143,0,143,22,5,2009
1549,2009-05-29,Sweden,4,0,4,22,5,2009
1550,2009-05-29,Switzerland,4,0,4,22,5,2009
1551,2009-05-29,Thailand,2,0,2,22,5,2009
1552,2009-05-29,Turkey,2,0,2,22,5,2009
1553,2009-05-29,United Kingdom,203,0,203,22,5,2009
1554,2009-05-29,USA,7927,11,7916,22,5,2009
1555,2009-05-29,Uruguay,2,0,2,22,5,2009
1556,2009-05-27,Argentina,19,0,19,22,5,2009
1557,2009-05-27,Australia,39,0,39,22,5,2009
1558,2009-05-27,Austria,1,0,1,22,5,2009
1559,2009-05-27,Bahrain,1,0,1,22,5,2009
1560,2009-05-27,Belgium,7,0,7,22,5,2009
1561,2009-05-27,Brazil,9,0,9,22,5,2009
1562,2009-05-27,Canada,921,1,920,22,5,2009
1563,2009-05-27,Chile,86,0,86,22,5,2009
1564,2009-05-27,China,22,0,22,22,5,2009
1565,2009-05-27,Colombia,16,0,16,22,5,2009
1566,2009-05-27,Costa Rica,33,1,32,22,5,2009
1567,2009-05-27,Cuba,4,0,4,22,5,2009
1568,2009-05-27,Denmark,1,0,1,22,5,2009
1569,2009-05-27,Ecuador,28,0,28,22,5,2009
1570,2009-05-27,El Salvador,11,0,11,22,5,2009
1571,2009-05-27,Finland,2,0,2,22,5,2009
1572,2009-05-27,France,16,0,16,22,5,2009
1573,2009-05-27,Germany,17,0,17,22,5,2009
1574,2009-05-27,Greece,1,0,1,22,5,2009
1575,2009-05-27,Guatemala ,5,0,5,22,5,2009
1576,2009-05-27,Honduras,1,0,1,22,5,2009
1577,2009-05-27,Iceland,1,0,1,22,5,2009
1578,2009-05-27,India,1,0,1,22,5,2009
1579,2009-05-27,Ireland,1,0,1,22,5,2009
1580,2009-05-27,Israel,9,0,9,22,5,2009
1581,2009-05-27,Italy,23,0,23,22,5,2009
1582,2009-05-27,Japan,360,0,360,22,5,2009
1583,2009-05-27,Korea,21,0,21,22,5,2009
1584,2009-05-27,Kuwait,18,0,18,22,5,2009
1585,2009-05-27,Malaysia,2,0,2,22,5,2009
1586,2009-05-27,Mexico,4541,83,4458,22,5,2009
1587,2009-05-27,Netherlands,3,0,3,22,5,2009
1588,2009-05-27,New Zealand,9,0,9,22,5,2009
1589,2009-05-27,Norway,4,0,4,22,5,2009
1590,2009-05-27,Panama,76,0,76,22,5,2009
1591,2009-05-27,Peru,27,0,27,22,5,2009
1592,2009-05-27,Philippines,2,0,2,22,5,2009
1593,2009-05-27,Poland,3,0,3,22,5,2009
1594,2009-05-27,Portugal,1,0,1,22,5,2009
1595,2009-05-27,Russia,2,0,2,22,5,2009
1596,2009-05-27,Singapore,1,0,1,22,5,2009
1597,2009-05-27,Spain,138,0,138,22,5,2009
1598,2009-05-27,Sweden,3,0,3,22,5,2009
1599,2009-05-27,Switzerland,3,0,3,22,5,2009
1600,2009-05-27,Thailand,2,0,2,22,5,2009
1601,2009-05-27,Turkey,2,0,2,22,5,2009
1602,2009-05-27,United Kingdom,137,0,137,22,5,2009
1603,2009-05-27,USA,6764,10,6754,22,5,2009
1604,2009-05-26,Argentina,5,0,5,22,5,2009
1605,2009-05-26,Australia,19,0,19,22,5,2009
1606,2009-05-26,Austria,1,0,1,22,5,2009
1607,2009-05-26,Belgium,7,0,7,22,5,2009
1608,2009-05-26,Brazil,9,0,9,22,5,2009
1609,2009-05-26,Canada,921,1,920,22,5,2009
1610,2009-05-26,Chile,74,0,74,22,5,2009
1611,2009-05-26,China,20,0,20,22,5,2009
1612,2009-05-26,Colombia,16,0,16,22,5,2009
1613,2009-05-26,Costa Rica,33,1,32,22,5,2009
1614,2009-05-26,Cuba,4,0,4,22,5,2009
1615,2009-05-26,Denmark,1,0,1,22,5,2009
1616,2009-05-26,Ecuador,24,0,24,22,5,2009
1617,2009-05-26,El Salvador,6,0,6,22,5,2009
1618,2009-05-26,Finland,2,0,2,22,5,2009
1619,2009-05-26,France,16,0,16,22,5,2009
1620,2009-05-26,Germany,17,0,17,22,5,2009
1621,2009-05-26,Greece,1,0,1,22,5,2009
1622,2009-05-26,Guatemala,4,0,4,22,5,2009
1623,2009-05-26,Honduras,1,0,1,22,5,2009
1624,2009-05-26,Iceland,1,0,1,22,5,2009
1625,2009-05-26,India,1,0,1,22,5,2009
1626,2009-05-26,Ireland,1,0,1,22,5,2009
1627,2009-05-26,Israel,8,0,8,22,5,2009
1628,2009-05-26,Italy,19,0,19,22,5,2009
1629,2009-05-26,Japan,350,0,350,22,5,2009
1630,2009-05-26,Korea,21,0,21,22,5,2009
1631,2009-05-26,Kuwait,18,0,18,22,5,2009
1632,2009-05-26,Malaysia,2,0,2,22,5,2009
1633,2009-05-26,Mexico,4174,80,4094,22,5,2009
1634,2009-05-26,Netherlands,3,0,3,22,5,2009
1635,2009-05-26,New Zealand,9,0,9,22,5,2009
1636,2009-05-26,Norway,4,0,4,22,5,2009
1637,2009-05-26,Panama,76,0,76,22,5,2009
1638,2009-05-26,Peru,27,0,27,22,5,2009
1639,2009-05-26,Philippines,2,0,2,22,5,2009
1640,2009-05-26,Poland,3,0,3,22,5,2009
1641,2009-05-26,Portugal,1,0,1,22,5,2009
1642,2009-05-26,Russia,2,0,2,22,5,2009
1643,2009-05-26,Spain,136,0,136,22,5,2009
1644,2009-05-26,Sweden,3,0,3,22,5,2009
1645,2009-05-26,Switzerland,3,0,3,22,5,2009
1646,2009-05-26,Thailand,2,0,2,22,5,2009
1647,2009-05-26,Turkey,2,0,2,22,5,2009
1648,2009-05-26,United Kingdom,137,0,137,22,5,2009
1649,2009-05-26,USA,6764,10,6754,22,5,2009
1650,2009-05-25,Argentina,2,0,2,22,5,2009
1651,2009-05-25,Australia,16,0,16,22,5,2009
1652,2009-05-25,Austria,1,0,1,22,5,2009
1653,2009-05-25,Belgium,7,0,7,22,5,2009
1654,2009-05-25,Brazil,9,0,9,22,5,2009
1655,2009-05-25,Canada,805,1,804,22,5,2009
1656,2009-05-25,Chile,44,0,44,22,5,2009
1657,2009-05-25,China,15,0,15,22,5,2009
1658,2009-05-25,Colombia,13,0,13,22,5,2009
1659,2009-05-25,Costa Rica,28,1,27,22,5,2009
1660,2009-05-25,Cuba,4,0,4,22,5,2009
1661,2009-05-25,Denmark,1,0,1,22,5,2009
1662,2009-05-25,Ecuador,10,0,10,22,5,2009
1663,2009-05-25,El Salvador,6,0,6,22,5,2009
1664,2009-05-25,Finland,2,0,2,22,5,2009
1665,2009-05-25,France,16,0,16,22,5,2009
1666,2009-05-25,Germany,17,0,17,22,5,2009
1667,2009-05-25,Greece,1,0,1,22,5,2009
1668,2009-05-25,Guatemala,4,0,4,22,5,2009
1669,2009-05-25,Honduras,1,0,1,22,5,2009
1670,2009-05-25,Iceland,1,0,1,22,5,2009
1671,2009-05-25,India,1,0,1,22,5,2009
1672,2009-05-25,Ireland,1,0,1,22,5,2009
1673,2009-05-25,Israel,8,0,8,22,5,2009
1674,2009-05-25,Italy,19,0,19,22,5,2009
1675,2009-05-25,Japan,345,0,345,22,5,2009
1676,2009-05-25,Korea,3,0,3,22,5,2009
1677,2009-05-25,Kuwait,18,0,18,22,5,2009
1678,2009-05-25,Malaysia,2,0,2,22,5,2009
1679,2009-05-25,Mexico,4174,80,4094,22,5,2009
1680,2009-05-25,Netherlands,3,0,3,22,5,2009
1681,2009-05-25,New Zealand,9,0,9,22,5,2009
1682,2009-05-25,Norway,4,0,4,22,5,2009
1683,2009-05-25,Panama,76,0,76,22,5,2009
1684,2009-05-25,Peru,25,0,25,22,5,2009
1685,2009-05-25,Philippines,1,0,1,22,5,2009
1686,2009-05-25,Poland,3,0,3,22,5,2009
1687,2009-05-25,Portugal,1,0,1,22,5,2009
1688,2009-05-25,Russia,1,0,1,22,5,2009
1689,2009-05-25,Spain,133,0,133,22,5,2009
1690,2009-05-25,Sweden,3,0,3,22,5,2009
1691,2009-05-25,Switzerland,3,0,3,22,5,2009
1692,2009-05-25,Thailand,2,0,2,22,5,2009
1693,2009-05-25,Turkey,2,0,2,22,5,2009
1694,2009-05-25,United Kingdom,122,0,122,22,5,2009
1695,2009-05-25,USA,6552,9,6543,22,5,2009
1696,2009-05-23,Argentina,1,0,1,21,5,2009
1697,2009-05-23,Australia,12,0,12,21,5,2009
1698,2009-05-23,Austria,1,0,1,21,5,2009
1699,2009-05-23,Belgium,7,0,7,21,5,2009
1700,2009-05-23,Brazil,8,0,8,21,5,2009
1701,2009-05-23,Canada,719,1,718,21,5,2009
1702,2009-05-23,Chile,24,0,24,21,5,2009
1703,2009-05-23,China,11,0,11,21,5,2009
1704,2009-05-23,Colombia,12,0,12,21,5,2009
1705,2009-05-23,Costa Rica,20,1,19,21,5,2009
1706,2009-05-23,Cuba,4,0,4,21,5,2009
1707,2009-05-23,Denmark,1,0,1,21,5,2009
1708,2009-05-23,Ecuador,8,0,8,21,5,2009
1709,2009-05-23,El Salvador,6,0,6,21,5,2009
1710,2009-05-23,Finland,2,0,2,21,5,2009
1711,2009-05-23,France,16,0,16,21,5,2009
1712,2009-05-23,Germany,17,0,17,21,5,2009
1713,2009-05-23,Greece,1,0,1,21,5,2009
1714,2009-05-23,Guatemala,4,0,4,21,5,2009
1715,2009-05-23,India,1,0,1,21,5,2009
1716,2009-05-23,Ireland,1,0,1,21,5,2009
1717,2009-05-23,Israel,7,0,7,21,5,2009
1718,2009-05-23,Italy,14,0,14,21,5,2009
1719,2009-05-23,Japan,321,0,321,21,5,2009
1720,2009-05-23,Korea,3,0,3,21,5,2009
1721,2009-05-23,Malaysia,2,0,2,21,5,2009
1722,2009-05-23,Mexico,3892,75,3817,21,5,2009
1723,2009-05-23,Netherlands,3,0,3,21,5,2009
1724,2009-05-23,New Zealand,9,0,9,21,5,2009
1725,2009-05-23,Norway,4,0,4,21,5,2009
1726,2009-05-23,Panama,76,0,76,21,5,2009
1727,2009-05-23,Peru,5,0,5,21,5,2009
1728,2009-05-23,Philippines,1,0,1,21,5,2009
1729,2009-05-23,Poland,2,0,2,21,5,2009
1730,2009-05-23,Portugal,1,0,1,21,5,2009
1731,2009-05-23,Russia,1,0,1,21,5,2009
1732,2009-05-23,Spain,126,0,126,21,5,2009
1733,2009-05-23,Sweden,3,0,3,21,5,2009
1734,2009-05-23,Switzerland,2,0,2,21,5,2009
1735,2009-05-23,Thailand,2,0,2,21,5,2009
1736,2009-05-23,Turkey,2,0,2,21,5,2009
1737,2009-05-23,United Kingdom,117,0,117,21,5,2009
1738,2009-05-23,USA,6552,9,6543,21,5,2009
